-3.719886559423108419e-01,2.304481131620902262e-02,-5.499163498195593081e-02,-9.169615414065423326e-03,6.577442619022591530e-02,-1.132833146559901194e-01,1.083280637248405093e-01,-1.932811385661015180e-01,4.652533901432300278e-01,-4.335097634684630802e-02
1.957651191137780300e+00,2.139518883081491296e+00,-1.232865633683230655e+00,8.919805360273599382e-01,-5.467690027556328936e-01,2.070957101659711697e-01,-9.156389292774983479e-01,-9.202046651906914398e-01,-8.866944710088615622e-01,-1.654506645275463650e-01
-2.695386710249612072e-01,-5.156657454391959661e-01,2.445474353523942601e-01,-3.016046435581524188e-01,-6.413323003570835512e-01,-3.812103342393159955e-01,-3.944762791207517272e-01,-3.134265104689041292e-01,-3.174213303426122457e-02,-4.787654181950847243e-01
7.939288408643084827e-01,-4.809727676605516367e-01,4.579000045772687044e-01,-9.494089592357445317e-01,2.520902383172156092e-01,8.067369047630532641e-01,-2.809477455722038108e-01,4.000641391111876555e-01,1.135483018371551411e-01,1.100173881119324293e-01
2.581269120703975073e-01,5.703282834405003915e-02,-1.794055709910405694e-01,1.147195749224918376e-02,-3.779772559188391418e-02,7.256657568492481947e-02,-1.646093890333229920e-02,-2.139597419298967240e-01,-1.373129898612350797e-01,-7.454992580441295591e-02
-4.335381410543329844e-02,-2.505612295465473038e-01,-2.284254867243166315e-02,-2.076617852496362437e-02,-3.604346372137253729e-01,-7.563836187471678629e-02,-2.264246705413529293e-01,-5.810067745223089497e-02,7.433937811075989888e-02,1.344881635141660474e-02
-5.234282182934966166e-01,-1.819582239802542134e-01,-1.127137012466574439e-01,4.602866464248365347e-02,-1.142104003086778924e-01,1.663890991435118191e-02,1.248050726114095441e-02,3.960566976490847990e-02,5.656020755767321440e-02,1.050538354865170054e-01
-8.916069172272844678e-02,-5.330574206002318682e-01,-5.340835015611009595e-01,8.808692438312355488e-01,-5.013631271167822145e-01,-2.981945067347789302e-01,-4.424590264699328479e-01,-4.040167553773735820e-01,-7.304344468397200307e-01,-6.699550320631826594e-02
2.306649512706509531e-01,-5.319602583098630849e-02,-4.064317913975263319e-01,2.066174258364770200e-01,-5.871801791254238623e-02,-3.946702675488994450e-01,-8.697925531308489666e-02,-1.629929869324951985e-01,5.474275065823271808e-02,-9.416668224363916595e-02
-8.398868406946318199e-01,-4.894954683227930037e-01,7.373105742069970825e-01,7.273473923537701613e-02,5.399243110172341487e-01,-8.508465652920167432e-01,-9.424642487337256958e-01,-5.206793805892327986e-01,-9.792811201632952711e-01,5.967474501979079804e-01
3.015747647693637346e-01,1.535610457501647153e-01,-3.022003885229266468e-02,-7.516438734743877137e-02,6.126566370100316322e-02,-1.569263609893215283e-01,-2.501154627887039461e-01,-7.676765465917692599e-02,-4.066347603666401467e-01,-1.912607694534368408e-01
-7.880144617000300888e-02,-6.259929397183051913e-02,-9.061722101280172970e-02,-5.701986982924833747e-02,-3.557430677152224885e-02,3.982626888007427535e-02,-6.765043913982871082e-02,-9.895286931277261222e-02,-1.407952225353321062e-02,3.871714662815421704e-02
-4.599336100108873948e-01,-4.223299750568178523e-01,-1.382530422921699441e-02,-1.656849538159717306e-01,-6.535021222957240195e-01,-3.837622268257290803e-01,4.268564829430412239e-03,-4.135796758802779971e-01,-2.978999208240113994e-01,4.247657001848897940e-01
3.318625207493093310e-01,-5.827606714472987476e-02,-6.763173920539020112e-02,-4.768448569081312760e-02,-7.966933570642144302e-02,-2.615708260481649713e-02,-5.047435325255093114e-02,-9.907823626043435472e-02,-3.090632711121533982e-02,1.310982212935313425e-02
3.796753733535990771e-01,-1.075921181448779435e-02,-3.126455575814098276e-01,-1.953984143690311037e-01,1.177806462401810722e-01,4.663426537214985373e-02,3.875466955125898144e-02,-2.971637063267167367e-01,-3.089698718653294818e-01,-1.617308472479165871e-01
-9.437629689739491790e-01,-1.209943369602392460e+00,-2.359032775677846416e+00,-7.144662364186418202e-01,1.350010713064830004e+00,1.138289027361337968e+00,1.350065502180577415e+00,-6.401881111133570501e-01,1.431353074246393131e+00,-1.013391047695835434e+00
-2.223223674370379488e+00,-2.315235996301876209e-01,-6.786936668727659994e-01,8.445229192656852346e-01,2.826271809443337557e-01,-3.646834902880169982e-01,-3.539805435956399071e-01,-8.835861446142403430e-01,-1.405298800951227944e+00,8.388491355112632775e-01
5.594558903817256068e-01,-1.066903868093764390e-01,-1.882564072964230950e-01,3.351192120456451123e-02,9.475436227997330318e-02,-1.767619057875838562e-01,-1.362323831171844690e-01,-3.401848804492957901e-01,-3.978309859558698536e-01,-1.639341781453511893e-01
-8.309285318003878373e-02,5.719711680599512960e-01,-1.108288164450862645e+00,1.243181745252948112e+00,1.421082357654127382e+00,-7.530781492341381833e-01,-9.904068851997151202e-02,1.104596644035580333e+00,-4.292905415022409965e-01,-1.194011313055816093e+00
-1.088251808372881602e+00,6.629025902134534354e-01,-3.837752717670742109e-01,-1.747779897591074660e-01,-4.075977378340099322e-01,6.860147016772253359e-01,-3.608841142722006845e-01,1.205784929950279583e-01,-2.040240163446941854e-02,3.887423616319304331e-01
-7.087641436300159414e-01,-2.024748466621076881e-01,-8.696475687245411867e-01,1.805202713795066582e-01,-4.455998891882154700e-01,-7.523515188982543567e-01,1.049828951709879665e-01,1.457074113955498795e-01,6.376806104788049767e-01,-1.705016560190220909e-01
-9.364966644242751492e-01,8.973610196212435941e-01,3.784327362681190188e-01,-9.685134430557561513e-01,-6.295619676292422140e-01,-2.559918060675968610e-01,-3.859782230815630433e-01,-5.366111143311865783e-01,-9.852757987040969834e-01,-3.149246936413117592e-01
-7.617481932284416724e-01,-2.005149144641122927e-01,1.564483542311227021e-02,8.993896786977544078e-02,-1.058682165148667198e-01,2.601937003640382613e-03,-6.214891503723608129e-03,8.590628455168719535e-02,5.755345053384784693e-02,1.043731804701481941e-01
-5.769533625149194656e-01,-3.939102834492293481e-01,1.114186050093990410e+00,-9.517673230872153445e-01,-1.327250738295939314e+00,-3.261799509372844130e-01,6.244566433640427183e-01,-6.317454385920324711e-01,-7.711322160548907956e-01,-2.552974590566960966e-01
-1.607486114127956167e-01,-7.055716683434516689e-02,-6.628744223161117666e-02,9.267666192622227295e-02,-1.720890169715095230e-01,-1.299280132756709671e-01,-1.037167920738805149e-01,-4.253505041513696433e-02,-2.673463101863218089e-02,-4.091017251438848479e-02
-5.416754422983588446e-01,-3.053326074106898491e-01,-5.414382385161711220e-01,6.589512004530154732e-01,-2.157849107156046276e-01,-6.858667852320370351e-01,-3.139921284576921989e-01,7.865689464286733379e-02,1.364545047869631517e-02,-5.421848112895231303e-02
-1.142261661259974748e+00,-1.308150448405396571e-01,5.963343130083625238e-02,4.149354591261266573e-03,-3.911649181718283019e-01,4.254249100923023635e-02,4.523702562698270202e-02,-1.256627832032630385e-02,1.179186529037895004e-01,1.826124778010040223e-02
-9.572609725944688508e-01,-6.118250064503114038e-02,-6.546656867941008651e-02,2.639271698878418310e-02,-8.596008188635510805e-02,4.276411566652474350e-01,-3.984236480333615549e-01,-6.384569727476753220e-01,1.540513804590392111e-01,4.001916413472689782e-01
-6.595360783302668395e-01,-9.526666675359312109e-01,-8.151653224405474019e-01,1.164428184223857299e+00,-2.219732991904249664e-01,6.197943691767047181e-01,-6.568353430946461957e-01,-5.345726218154779330e-01,-5.985508752021895251e-01,1.770769180483859895e-01
6.852103468895691663e-01,-4.781236541439936594e-01,7.076174256991467626e-01,-2.994254672714267117e-03,-7.475762481741135002e-01,-6.396978406383387883e-01,3.450823790896837551e-01,3.940443440236475192e-01,-4.014595456820797548e-01,7.072212150932353225e-01
4.017110737570057655e-01,-4.814589682722987818e-01,-1.408363456864890617e-01,-1.236688373027351523e-03,-3.571080917072608774e-01,-4.309568699344566989e-01,5.876059626028189431e-01,-1.124292373521430521e-01,-5.364005074930945360e-01,6.550491290835200320e-02
-3.867263486963591901e-01,-1.686659217524513754e-01,-4.492337988119423503e-02,-1.801613577519279794e-02,-2.530408904482083221e-01,-7.876315295020143437e-02,-3.866143416247208586e-02,2.320177482189491810e-02,-8.936956919738268945e-02,-1.671526756452058199e-02
-8.995334623694434262e-01,-5.783055116591649669e-02,-2.359318606893485645e-02,-2.990408421585902810e-01,-7.509573197101911957e-01,-5.431313172773125642e-01,4.400368205966233986e-02,-3.593060492908246584e-01,-7.602258545205067275e-01,-1.396753521307268486e-01
1.773868977996968743e+00,-6.292452774383798797e-01,-7.957247334996934152e-01,-1.298728711719937090e+00,-9.359904898682775976e-01,1.875342259504859888e+00,-5.654762675841711328e-01,5.721229582410422010e-01,-1.046069199744634526e+00,-8.386611594493058597e-01
1.641308654064948191e+00,-6.177919446657021973e-01,1.125947560196529418e+00,-1.157389646741295852e+00,6.244535445900024906e-02,-6.695323566224449241e-01,1.266510576641712404e+00,-9.589260473468720347e-01,-8.149750229619751041e-01,2.120112745861026105e-02
6.819900280784614299e-01,-3.455735337734996970e-01,-7.977751402175894957e-02,-1.802106389782780482e-01,-4.330444165711746507e-01,-3.993804289903181703e-01,-3.963934604061239431e-01,7.380734350416097433e-02,-1.198712070428780696e-01,-6.983910410224508647e-02
-3.965499300144768036e-01,-2.131066973516771157e-01,-3.738718995378997184e-02,-7.879622969051440495e-02,-2.355817789907679871e-01,-6.702316103259391145e-02,-8.064849348597979972e-02,4.233988810881210429e-02,6.818882459650690842e-02,-1.263996120799425887e-03
-1.154343273845458651e+00,-4.604362005341470221e-01,-1.045450801690249627e-02,2.614466294675757974e-01,-5.848022242591891517e-01,-5.780449152214714795e-03,1.390209559052456301e-02,1.660614336759350440e+00,7.736152528139703111e-02,2.624460016413687757e-01
-9.107893531348522087e-01,6.890163017618738950e-02,-2.392105705475151833e-01,-3.185099592528550794e-01,-5.932609975684329795e-01,-2.773922382215656124e-01,-1.211520135320931918e-01,-7.310472112494212360e-02,-1.542562622206301581e-01,5.093075099585939736e-01
-4.541381994090104568e-02,-1.690373869662057937e-01,-1.442278207294557246e-01,-1.393375515546707299e-01,-1.792186477860838456e-01,-9.104084784551043363e-02,-2.007650941041649872e-01,4.052772742871487560e-02,5.147522819878955908e-02,7.437782316209103073e-02
-8.919007273369118360e-01,-9.146733752109863502e-01,-1.049609008754489148e+00,-1.501563971246067331e+00,1.163649000958391744e+00,-1.184711078524382843e+00,-4.499753391967115657e-01,1.738309682545200685e+00,-1.436708434447300231e+00,2.047623381587682534e+00
1.161214520423862195e+00,1.252740939415060151e-01,-1.598383767509155839e-01,8.977561444733196672e-02,7.614153774446648093e-01,4.983531719274455485e-01,-5.093743377380179904e-01,-2.394649518747079819e-01,-4.100126355392349486e-01,-3.861918635486390888e-02
-5.009541890928387309e-01,6.648689387126976991e-02,-2.314943988768368779e-02,-1.894712314864584468e-01,5.132969521787251743e-01,-2.012794672623544889e-01,-2.161729358543248991e-01,6.051273707250142131e-01,5.000266640127212087e-02,-9.260587116735486957e-01
-1.112470003855958289e+00,2.222922885876145727e-01,-1.920269392520033425e-01,-1.866437612089547060e-01,2.771215979483066527e-01,-1.125711986899727290e-01,9.380337040510772217e-01,-9.122550738397119940e-02,-2.042800729881013300e-01,1.287159373383840455e-01
-3.720379828798631716e-01,8.108422816468496830e-01,-3.052818269325844325e-01,-7.559023308659958973e-01,7.777803939491683138e-01,-1.696913529472709181e-01,-5.778336847636007106e-02,5.029684381479152533e-01,-1.504977716837972435e-01,3.494043779007962036e-01
-2.272456516120303638e-01,3.510530277778433489e-02,-1.827440125918082803e-01,-2.034233067099144032e-01,7.506823685557907633e-02,-2.396850010430807143e-01,-8.343273584421119146e-03,3.445538293736963298e-02,-3.781444526185113314e-02,2.893203010514309725e-01
-5.166526867389001909e-01,-3.167951343319035384e-01,-7.624359279895751018e-02,-2.724659221861113756e-01,-2.822031383914822555e-01,1.987640504155374285e-02,-2.466212128374072055e-01,6.859150915139718141e-02,-3.548727448453019018e-01,-2.239273180928295082e-01
-3.395371803329203519e-01,-3.212674128590760347e-02,-7.192391793118563248e-02,-1.939895737400782957e-02,-7.352072177930277230e-02,6.373327843435620810e-02,-2.232271994912708724e-03,-2.999879216513411453e-02,2.068612059521189681e-03,4.663017040593660234e-02
-6.553779964402580704e-01,-1.059071404167091918e-01,-8.110932583334966584e-01,-2.018118126970548931e-01,-5.375211207554132509e-01,-2.580189324792185879e-01,1.103657210017388035e+00,2.844130869780954196e-01,-2.302659683489193809e-01,4.640470315386229228e-01
-5.655460771220706118e-01,-5.734011819195125037e-01,4.046001996304592896e-01,5.982617174252470305e-01,-4.733680097599772818e-01,4.261847560449087691e-02,-6.015793214969413771e-01,2.797176051851396061e-01,-9.641716398912986152e-01,-6.625795385640717017e-01
-2.423310788952154626e-01,5.972306072143043765e-02,3.472946069589006451e-02,-1.049138189599693183e-01,-3.397152043277722466e-01,-4.014863698878350616e-03,-2.674393234948927583e-02,9.654221301282556178e-02,-1.844054787478290047e-01,-1.813721374099172279e-01
-2.574833469549023257e-01,-5.199049664511832258e-01,-3.312328908349261303e-01,-1.944139786302924999e-01,5.737096853470543545e-01,1.264581350378147784e+00,5.304443341086677588e-01,-1.304666498761148652e-01,-2.767484001515003733e-01,-1.357563759330490560e+00
-6.679106389409465716e-02,-2.785932895835313006e-01,-1.509232694974486089e-01,-1.012433208906612647e-01,1.289367212264299623e-01,-2.540191510668469987e-02,1.780324743172591317e-01,-1.915484801262394565e-01,-8.972641930779219621e-02,-3.679934146779097470e-01
-4.990957076652702828e-01,-3.995836307654896391e-01,1.833337562155329670e-01,-5.264235427925680749e-02,8.679346530539443216e-02,1.105025138542098523e-01,-1.335309042990751871e-01,-5.020680767186778137e-01,-3.091248164533281217e-01,1.227355469188778220e-01
6.141921246027307046e-02,-6.063693102988329531e-02,-4.521216643754498443e-02,4.101124187325674159e-02,-6.210101936963586568e-03,-6.943876216082209285e-02,-7.320284966580091479e-02,-5.782400968407920561e-02,-7.692399418170924041e-02,-2.500001682634683114e-02
1.696113864986477315e+00,1.152103378558373414e-01,-2.647524378885335872e-01,-1.650609228748876611e-01,3.523844894464367439e-01,-3.168733317110337122e-01,-4.567203124824349009e-02,-3.105477107945585624e-01,1.739434353397281696e-01,-3.077998011096285680e-01
-1.142290328615611417e+00,-3.352761341657278238e-01,-1.749186860589564962e-01,-9.415606875929097286e-02,-2.981967726125215878e-01,-1.715568193952448153e-02,-5.146730041455157417e-02,4.810827416618469049e-02,-1.882987238209078984e-01,-2.880390665591924665e-02
-6.436506506293582230e-01,4.309607425042868284e-02,-1.989223076603135326e-02,-6.795051292720541425e-02,-2.359351323773506703e-01,-8.946916140651835214e-02,5.699035355105882411e-02,-9.298323704195829431e-02,1.280498962745343361e-01,4.115082946378184614e-01
1.165990818426917985e-01,5.432221980365124075e-02,-9.516177018504243246e-02,-7.574440774810095589e-02,-7.046358549056136455e-02,-7.760397810675435937e-02,-1.090285608478137463e-01,3.509665738498446430e-02,-1.286934069155088178e-01,-1.056525048262330901e-01
-5.104507185172650896e-01,-3.516779128252132958e-02,-9.133508885097505955e-03,3.477233874434888100e-02,-1.001959684317167559e-01,2.712175198536576765e-03,-8.307267570434043180e-02,-3.085249464826355509e-02,1.678963334154172718e-02,-2.835919817906021323e-02
1.237837688664117225e-01,-4.774768001020521929e-02,-2.625323829149167620e-01,-1.329415497777774180e-01,4.045040838307752823e-02,-1.495198102894298442e-01,-5.120961376833668144e-01,-2.073912309446958036e-01,1.500175635875003188e-01,-4.361019982853507893e-01
1.351207693943759225e-01,-6.131286986151424090e-02,-3.568379983086628071e-02,7.417045824928208964e-02,-5.640093054254200627e-03,-4.589530247354998982e-03,3.894716869293228523e-02,-2.469314927260410006e-02,-6.113512292862478131e-02,-1.215178456874097118e-01
5.247717045042356032e-01,2.788813808778383904e-02,1.352843710091923057e+00,-1.133450277466761635e+00,-9.462449479333894242e-01,-9.224945342210727484e-01,1.243463701741769567e+00,-5.118331906992932279e-01,-5.903774482375666599e-01,1.093839398562205661e-01
2.825111927144042800e-01,-1.228653908659179395e-01,-1.689658082981802256e-01,-4.102206336988277469e-02,-8.717916543429340970e-02,-1.551052753770421344e-01,-1.381152520352545432e-01,-1.940614768139255208e-01,2.018329310908344772e-03,9.546913557343585099e-03
-4.956738913864207063e-01,-1.503969722372333617e-01,-8.135274786149486459e-02,8.339181688219499122e-02,-8.599879795697121243e-02,-1.605320244277876895e-01,-1.385489604049058854e-01,-5.248124092497105653e-02,-1.500549243908217423e-01,-1.033148435727425721e-02
1.971172957328430064e-01,-2.489579093723501280e-02,-1.456870589016347542e-02,1.662460695067877192e-02,1.834444253084860366e-02,4.087259520857301764e-02,-2.393055493712783685e-02,-8.600482536923151344e-02,1.919089919052094709e-02,-2.499721080279703952e-02
1.191304470130964549e-01,-3.752912690620228697e-01,4.370008767405385020e-01,-4.415131482498111937e-01,-1.268618510934412802e+00,-3.973067888428166716e-01,-1.940240583904589977e-01,-1.087245653751165886e+00,8.659934454676690985e-01,6.184306947509552455e-01
-1.260997811009602287e+00,4.869828755165495071e-01,-9.793893657350263293e-01,-6.417741872023901006e-01,-4.543596340920585952e-01,3.690797973424824741e-01,1.023998109330549605e-01,1.903932323024020823e+00,-4.087517463860274036e-01,-1.354980067067596439e+00
-2.681631497118900920e-01,-1.086552942528639515e-02,-5.432219768096486351e-02,-5.092066057440457899e-02,-6.958600798354068473e-02,4.450578743071942345e-02,-2.043546599011968404e-02,5.659253615316748448e-02,8.422820819945666185e-03,-4.047204035154278873e-02
5.678965536375519402e-02,-8.398892503725939596e-02,-2.220200572105054115e-01,-1.020887443901082325e-01,-7.211810756722497606e-02,-1.030820180739891317e-01,-1.779089149227010835e-01,-1.526997809445688747e-01,-1.886087321389607468e-02,-5.065918206213738950e-02
-7.673145787950279573e-01,-3.251396936420969386e-01,-1.657241297954351600e-01,-1.390658167959208935e-01,-2.700235878752944574e-01,-1.855287407726764065e-02,-1.958567434515738614e-01,-6.469013167229174799e-02,-1.397141048391561113e-01,-9.736249783079133080e-02
-3.305844500897440197e-01,-5.684476403942309020e-01,-1.263457951639751498e-01,3.763638010726215177e-01,-6.122288496523753398e-01,-7.031090715216147258e-01,-1.287968691170332802e-01,-5.227790835478416387e-01,6.301666015047152625e-01,1.662769029101572038e-01
-3.254975150043326049e-01,-2.188293478614445134e-02,-2.071973881189389799e-01,1.514343399641160104e-01,-3.215615752951471173e-01,-1.377921757246722001e-01,-2.086711661753140601e-01,-1.410948268576298591e-02,1.072301419090539026e-01,1.040196368694862594e-01
3.133733443452525469e-01,-2.596149291905223144e-01,-2.408217845548890623e-01,1.558602726747907452e-01,-2.305318426602063209e-01,-1.978187077185991627e-01,-1.125964510449579403e-01,-1.200278746414340653e-01,-2.541319795831943271e-02,6.229259030045526842e-03
-9.859647977593379853e-01,-5.028215824219113284e-01,3.012877177136217832e-01,-4.226235372313676963e-01,-4.514435017973317810e-01,-5.197402396635405486e-01,-2.759247969748566121e-01,-3.751705405960309436e-01,4.286262597680946529e-01,-3.040776875115355771e-01
-3.608227457767851920e-01,-1.075358568456258601e-01,-1.761510981574760659e-01,-1.321719855826529455e-01,-2.853050652151030708e-01,-1.470186193545825470e-01,5.466509708275131552e-02,2.113827317038369930e-03,-1.107892934351654285e-01,2.185043202768328086e-01
2.041786501014056787e-01,-1.292551234786575298e-01,-4.454571583761855746e-02,-1.082267169321457067e-03,-4.061661960983362768e-02,8.440592996425154426e-03,-8.174082708105513684e-02,-5.523784020217058915e-02,-1.418204462070466951e-02,-3.402190605710214005e-02
-1.774412432639927761e+00,-2.057708611916329033e-01,1.232217093563158089e-01,-3.538248954114092126e-01,1.506325473730830422e-01,6.508201985073815976e-01,-5.476188759391827920e-01,2.145702442640961272e-01,-2.253940960054834630e-01,-1.110520552270032768e+00
7.344560178348225055e-01,1.008636471916460886e-01,-9.320150163782989217e-02,-1.947059348220855635e-01,-2.311919542640618590e-03,1.936049301948578397e-02,9.580287469787898691e-02,5.475339892063615932e-02,-4.374937173195270895e-02,-1.401173655131744830e-04
-8.963307391730733487e-02,-4.402466998228103390e-01,-3.793119156399433756e-01,-3.700517006891512750e-01,-4.187077405285738983e-03,-1.939721984842049662e-01,7.888822664488460978e-03,-1.114617860575732172e-01,3.915297447526173702e-01,2.929013160326151555e-01
-8.119670299392482971e-01,-2.391644735022332990e-01,1.043571441959261492e-01,-8.197490776294275375e-03,-3.906346689300727038e-01,2.223220406364629503e-02,-1.967810663702660497e-03,6.930948473281892119e-02,1.268619820746086646e-01,4.304722557201799693e-02
2.950337526253224429e-01,-2.838905178979641078e-02,1.530444287622258204e-01,-6.405185240933153334e-02,-4.588792245133172520e-01,-1.736534845736903976e-01,-1.790686967930175677e-01,2.147542059804755654e-01,-1.229863387680426440e-01,2.306052011771718424e-01
4.881088149010974764e-01,-3.247415141105387815e-02,-2.612193985136993662e-02,-5.319260759513350090e-02,1.070348095406793189e-02,3.257437600017615287e-02,-2.147686585191635744e-01,-2.643562049523588003e-02,-1.746220332816201815e-01,-1.597619980917843463e-01
-1.229129370045737857e-01,-3.665613254449719416e-01,-7.820018023033927790e-01,1.882673665268198848e-01,1.895667878825826602e-01,-2.585640764446925921e-01,8.231798828479103269e-01,7.450735040214112592e-02,5.075905617965101868e-01,4.799049789335475130e-02
-1.825270544696222796e-01,-3.528525005173268614e-01,-8.612430793603587098e-01,1.128981320832342788e-01,-7.110941811711279925e-02,6.247163039688582303e-02,-4.385664752382736342e-01,1.676052942683103619e-01,5.866510335713304158e-01,8.008283030267242253e-02
-9.897062458949449359e-01,-5.285022970657408115e-01,-8.883538398737296227e-01,-8.698438584579122335e-01,-1.321629351862515289e+00,-5.941286943275068122e-01,-2.751677128029868941e-02,1.599979751779207815e+00,-6.229168839891339182e-01,1.414299965548893034e+00
-1.723972078365467508e+00,-3.033636349639957097e-01,-1.808206204651210177e-03,-3.265507803288442701e-01,1.156471208155164937e-01,1.083735806448384853e+00,-4.903248545878130527e-01,-3.607819060853611481e-01,-1.044160079257526519e+00,6.260390428069960711e-01
6.389494875536931850e-01,5.654225549341308082e-02,-4.316720665372794641e-02,-9.195556216405885094e-03,3.314908347709367292e-02,-3.726449817381948665e-02,-7.929789258561321941e-02,-6.497381454372687382e-02,-3.388456786779074636e-02,-9.104820708286560926e-03
-9.528594871726844828e-02,-1.119720316591884812e-01,-5.226674043295449074e-02,5.769601722058988885e-02,-1.650657798680152666e-01,-8.991445347869349292e-02,-4.108351816790294098e-02,6.026034675425416542e-02,1.686124954538576956e-02,-2.005703616859975252e-02
-4.232556730523983068e-01,-1.186436674116163603e-01,-1.077428549921478490e-01,-4.030694592114322794e-02,-1.797913665800680016e-01,-8.940585881474902297e-02,-1.079167265640225137e-01,-1.347350361407825270e-01,-5.425670669162904053e-02,-6.582711894425728738e-02
1.228621470448909792e+00,-2.277565456005639088e-01,-6.327213608075703544e-01,1.930119108651149884e-01,-2.198150974414383729e-01,1.285530518740875816e-01,3.747214347748485386e-01,-4.768546505975735927e-01,-3.164741695600614690e-01,-3.679193384628315355e-01
-3.247606164391056982e-01,-1.197063238167812294e-01,1.772147828920492968e-02,-1.189437800370245490e-01,-1.423577346200123883e-01,-9.167304317741459263e-02,-7.261879632984395705e-02,-4.318069926276139892e-02,1.561647067030489666e-01,-8.241766485852333735e-02
-9.876959167993798472e-01,-3.278040893238390874e-01,-7.257816715609975711e-02,7.057981233327360882e-02,-4.433797088039523326e-02,-6.660263943273947440e-01,1.009319400446836434e+00,-3.626453034818323262e-01,-2.418197239096978868e-01,-1.335051009469695737e-01
-1.376006167620157594e+00,7.580665036719536065e-01,1.710472823296500799e-01,-1.656778084149424179e+00,-1.051269954722429539e-01,-1.139793240015194664e+00,-1.599520451809536559e-01,1.467439818303219734e-01,5.870862979562688766e-01,-6.984388365331276605e-01
-4.942241909666129085e-01,-7.661198426148095597e-02,-2.169566148779615219e-02,4.110350482810348066e-02,-1.383499866807824386e-01,-8.838992160630879114e-02,-1.404756875646100134e-02,2.284918083989821366e-02,6.343734260830497136e-03,8.465387231855477090e-02
-1.000146894230711014e+00,4.440526535525509688e-01,-6.016021274743722502e-01,6.270649805554174838e-01,-4.944215499463404662e-01,6.539143884932819839e-01,4.832002597423535883e-01,2.543053563147786716e-02,-4.844966202703315794e-01,-2.762124099100866093e-01
8.466014916230818477e-01,-8.735320116901587606e-02,-5.779307541106794011e-01,-2.201305963692646028e-01,7.563172730133289889e-02,-1.252568785083662817e-01,-5.395904005361247258e-01,-4.098815467854248773e-01,-3.338986366508938097e-01,-2.242835914920325580e-01
3.333877001832330489e-01,-4.257658089315340122e-02,-2.419673077519997884e-01,1.257988129097011021e-01,-7.042150019484792745e-02,7.927225678717006452e-02,-1.187822379080676234e-02,-1.451532328951522510e-01,1.275894400976210381e-02,-8.850241955397336602e-02
-1.181274821268482045e+00,-1.727042677290818729e-01,9.254732073484217558e-01,4.838749124008185493e-03,4.183300291804289278e-02,1.115460639339654669e+00,-5.030971070417087354e-01,-6.742787566967831658e-01,-6.527659375540032505e-01,-7.542089719471496700e-02
-5.335422214650440420e-01,6.832230467595580281e-01,-1.083118106054060947e-01,3.721388856980524795e-01,2.127125236363152927e-01,6.576050391759892255e-01,-7.613253422173861251e-01,-6.199323100639595463e-01,-3.271857793186994101e-01,1.689432770955578145e-01
-4.911753666736549673e-01,1.041437990175223760e+00,-4.831369296518024936e-01,-3.973834149687140438e-01,-2.778720786717260860e-01,-2.156361746074253460e-02,-1.351196068260507033e-01,-5.312217940846988284e-01,-6.061044359141259941e-01,-1.511459031691647914e-01
5.213769364591068767e-01,-4.190456682154427015e-01,-1.286800180570502328e-01,-3.364356809285123928e-01,-2.556104210141611488e-01,-2.956278235575338087e-01,-5.488770617147268327e-01,-1.733635183433193117e-01,-4.974689552892830324e-01,4.150709387650736854e-02
-6.530409092894683409e-01,1.398989936798274714e-01,1.132441586666255995e-01,-2.252368992032418304e-01,-2.797311816817794061e-01,1.284583289513555049e-01,-4.165621871536386300e-01,2.295176895476855328e-01,-3.757080300709521037e-01,-3.364157008546095253e-03
9.094443746894020908e-02,-2.754649131567227238e-01,-6.292599147058369757e-02,-1.414986826537019404e-01,-2.512530567836790962e-01,-3.138357063874650660e-02,-1.215102079780617794e-01,1.241696705363232317e-01,-1.544881528022090944e-01,-1.501670168877201339e-01
-5.276142207004762552e-01,-7.265597690608844861e-01,-1.313383484165313031e-01,-5.445055785199524184e-02,-1.370811100498463796e-02,-4.838344711935659848e-01,-2.698552560115728416e-01,-4.768728181360135099e-02,-2.495543680167904566e-01,-3.079669681462307573e-01
4.535976959506864969e-01,2.415187124689957207e-02,-1.142213384890788108e-01,-1.692103282212677542e-02,5.331970858150855697e-02,-1.541875828598668037e-03,-4.741299582978159705e-02,-5.616436387634216737e-02,-7.181949342377924594e-02,-1.145391098223647215e-02
4.274101360684011697e-01,-2.033252048226033906e-02,-3.929863782748201084e-02,-5.628268879699380167e-02,3.341945314013695933e-02,-1.494128042107812845e-02,-2.320447582417928534e-01,1.321756660292957956e-02,-1.681912566644672424e-01,-1.442226827103024744e-01
-1.546778877731586954e+00,2.697406761020340604e-01,4.882431140317282647e-01,-4.587414188394833836e-02,7.662339638597599478e-01,1.435365722337028378e-03,-2.874539118433097062e-01,-7.805752155697653905e-02,5.938434432837869092e-01,7.099755161241283474e-01
-4.829140232061508997e-01,7.622282458403658589e-01,-6.100592267641153921e-01,-4.424122465981431551e-01,-9.764223813075834091e-02,5.331499519688724931e-01,-5.387050347168528264e-01,-5.216238664412053971e-01,-9.358766647340452938e-01,-2.539297608463645939e-01
2.480432456315888323e-01,-1.642432350411134057e-01,-2.548088761550906245e-01,-4.892658374652497644e-02,-7.418114118365734533e-02,-4.425363343506252128e-02,-3.342118212791145848e-01,-1.520371621811738849e-01,-2.942649272863075496e-02,-2.160206384519823275e-01
6.674592383726878075e-02,-7.590437683575575190e-02,2.432579568398964553e-01,5.975188828064036395e-01,3.662800821160415443e-02,-8.469053860761325270e-01,-3.333279529468998748e-01,8.593100560328077453e-01,1.681774987477171190e-01,-4.704352113588453621e-01
-5.504769574885921557e-01,-7.862857720188808769e-03,-5.559081378231756250e-03,5.034026745762743005e-02,-1.556494402947922462e-01,-3.306500354587376539e-02,1.827818393469050548e-02,8.564778217080996903e-02,1.965536118467748825e-02,-1.281836391730216754e-02
-7.296270052621125490e-01,-4.779673777545888624e-01,2.561206131559233823e-01,1.193717891002430143e-01,9.125041456932907469e-01,3.307388382839230867e-01,-4.643967361161449037e-01,-3.568386077461254136e-01,-1.530569104949032304e-02,4.269961883900327271e-01
7.687054850695854702e-01,-3.277883444494320009e-01,2.068994788726019329e-01,6.611247743199865079e-01,-1.143967825268282112e+00,2.313162240447383111e-01,6.112389893300103350e-02,-1.324465234885400911e+00,-9.741356418812194273e-02,5.323150637932290152e-01
-9.181112830454389237e-03,-5.053840821362887148e-01,-5.139768619676062800e-01,-8.032630218263688004e-02,-4.323436918162474885e-01,-3.447228213236139260e-01,9.038070467417588238e-01,-1.565734050644997377e-01,-3.704690107768209284e-01,-2.539775665366819646e-01
2.564699963683363948e-01,8.186612715830066112e-02,4.081172104756330965e-01,-1.328319215877905801e+00,8.223788995033477489e-01,-1.455157310465085230e+00,-6.914113101834189479e-01,2.525321573028520006e-01,8.495984277419763586e-01,1.513137629972298170e-01
-8.040775622686201218e-02,-1.083067581635706461e-01,-3.018121664335951526e-02,-2.337819119789138478e-01,-2.713240835038382981e-01,-9.897896552945228965e-02,-9.454041985451680508e-02,2.642292114884616239e-01,-8.126553373141073844e-02,-2.973591657832747592e-01
-1.773351633025623542e-01,3.904332523894515385e-03,-9.889079406317036192e-02,-3.254495538935210652e-02,-1.190161188209175047e-01,-1.076018339677118907e-01,-8.729697024556140996e-04,-4.631509111164460596e-02,-1.137060661154650973e-02,-3.941040918889315153e-02
-3.526160670036042055e-01,-9.988727870043563606e-02,-1.693464628113480752e-02,-1.466962295276514616e-01,-2.214531788887805774e-01,2.439831892273796876e-01,-1.766055609257019543e-01,8.822592150277290546e-02,-8.241267667825509513e-02,8.484874809573784982e-02
-4.758304511223897526e-01,4.115571362728072113e-01,-1.796357789861869336e-01,6.765533097438328758e-01,6.623766286962208538e-02,7.872214820159482984e-02,-4.407093435104094126e-01,6.561542348882511977e-01,-8.469356767716271772e-01,-1.545063415667893070e+00
-1.483524197119242327e+00,4.523758583713675951e-02,5.771666893368879725e-01,6.691262064395452347e-01,-3.786834887688046436e-01,4.965585922488708892e-01,2.049524130482142936e-02,5.044979981703940908e-01,-1.063850080722448022e+00,1.823093545914835634e-01
-3.992213577436257155e-01,-1.440251491825974561e-01,-1.464506202144652824e-01,2.519706934999572240e-02,-3.547366475627700133e-02,-3.383526615877923555e-02,-3.931355420193171496e-02,-1.237445897067268596e-02,6.960882122026017249e-02,4.223495217020391268e-02
-1.743697095693172161e-01,-1.314490817143780799e-01,5.683317259724304793e-02,-2.030291826331230912e-02,-1.056102158785972300e-01,-1.556028348955879603e-01,-1.120212516967845906e-01,-2.788087590282952149e-03,3.349763276951491214e-03,-7.945639018866601858e-03
-5.912742043289801464e-01,-1.374774753805146632e-01,3.876094118414415840e-02,-5.254414601250277650e-02,-2.396616355133293907e-01,7.061489874415448342e-02,-7.947205310623441099e-02,9.711535339066545980e-02,7.849230647748034473e-02,6.265662052582271491e-02
1.220141247477527946e+00,-3.072639746290027896e-01,1.665473700746566699e-01,-2.773639134092226177e-02,-6.795262805613212498e-01,1.399153695095797012e+00,-5.858836680035593991e-01,5.176567350018874691e-01,-7.158326817622047145e-01,9.819361434971446423e-02
9.225524635080531444e-02,-1.001031919124308195e-01,-2.941234283058166699e-01,1.285887151129344874e-01,-5.669049116145851580e-02,-2.017601242358920965e-01,-1.562593622286814754e-01,-2.125775876919553664e-01,-1.483557154090162922e-01,-8.718457504984525319e-02
-8.351526001535968247e-01,-6.219954738949925455e-01,1.049000715304904574e+00,5.173807035677717714e-01,-7.571978902164691605e-02,5.887275073254819580e-01,-1.329174358213987439e+00,-5.767976062784149205e-01,-8.080126349494983762e-01,-7.530732462229100532e-02
-3.759273432301673545e-01,-1.116793562063045364e-01,-1.197142258455690944e-01,-3.335193825346135371e-02,-1.994277957910558230e-01,-4.562614459626930692e-03,-6.188167484959687659e-02,-4.251091535188049331e-02,2.234094215345656595e-02,1.813486944496048303e-01
3.292777918323835373e-01,4.524979849782070906e-02,-6.816279281673895407e-02,2.153585728009839786e-02,2.760150093290176642e-03,-4.797683536047751829e-02,-7.389577103776780176e-02,-2.192019150839212560e-02,-2.078830067502140944e-02,-7.197470586926062175e-02
-6.372932230848949997e-01,-1.815384168158283573e-02,-2.521881807054555114e-01,-1.103495578643098052e-01,1.596364520121650032e-01,8.927739758574643192e-02,-3.168986187784138542e-01,-2.678036490241951229e-01,-7.854601377293264630e-02,-2.842595936390674427e-01
-1.111702061046976608e-01,-3.776182675219047491e-01,-1.885487983097069442e-01,-1.013817610311056883e-01,1.120944275834230702e-01,-3.240353905745738117e-02,-2.834804724532933307e-01,-1.560929624287485107e-01,-2.380494088737064029e-01,-1.505265270339071482e-01
-1.894720026668547941e-01,-2.371173888847091793e-02,1.596177600534683105e-02,-1.207240537504567467e-02,-1.293648703170660053e-01,-4.929473951624258055e-02,-5.135851998099416615e-02,-5.921656008155507488e-03,-2.825411711563700218e-02,-3.988283069729671448e-02
-5.615826693329727393e-01,-3.469790759560147930e-01,-3.986259454440361782e-01,6.576581794658963032e-02,-5.464331527206945927e-01,6.711264318545380192e-01,2.840622180008352538e-01,-5.978884997756664377e-02,-5.705569905351209892e-01,3.836274519866613580e-02
-7.895933506259857904e-01,-6.396300503596122344e-02,-1.868789218604751876e-02,2.556058381792943313e-01,-3.066182111894352399e-02,-6.568884983802585065e-02,-1.229649721402910761e-01,3.753557703429331524e-03,-3.403518138745190158e-04,9.875669316007806842e-03
-3.118802976989493159e-01,-8.170676466595741538e-02,4.807055099549154692e-02,2.408524770827060180e-01,-1.643388655518453756e-01,-1.149327944890736475e-01,2.531570099180817032e-02,1.173077960450698842e-01,-1.671168479298271448e-01,-1.874283727378234787e-01
-2.408194184875953742e-03,-3.649577297942747656e-01,-1.743900422097305891e-01,-1.956166721548051046e-01,-4.353239208536572313e-01,-1.785444759766612322e-01,-4.858375609758240343e-01,3.002684094660175787e-02,-2.585066504202398474e-01,-1.303436931652066921e-01
5.369638057068661929e-01,-1.132216209498401044e-01,-1.026508268106173932e-01,7.058251048566380192e-02,2.631790135173241868e-02,1.109587230016873816e-01,-4.276248314207112267e-02,-8.448559091943270982e-02,1.695382320637234957e-02,-4.394449563187270008e-02
4.468526656209979020e-01,-3.119157852337047787e-01,-5.035331360150292757e-02,-5.932889850756271066e-01,-1.093233594877085629e-01,7.702997089099958838e-01,-5.812507663328628782e-01,-5.518133447123940716e-02,-4.551405815288609435e-01,2.752719735677598978e-01
-7.042630485697407572e-01,-6.598182550225671628e-03,7.994690096528432877e-01,3.558827532256969017e-01,-2.563165010076950967e-01,-3.131203330619371505e-01,-3.122492093935275159e-01,-3.314576638709901268e-01,2.463673179672334623e-01,-9.070365846706243684e-02
2.558337729084982359e-01,-3.097402951419102601e-01,-1.361133248424009068e-01,4.736175940472296952e-01,-8.119681407865447786e-02,-6.807815487129341703e-01,-1.253452827157913174e-01,-1.829437855488832698e-01,-6.211173241280573687e-02,-2.157124063764592203e-01
5.608309088551865357e-02,-5.290222185612070138e-01,1.812481057346249091e-01,-2.837454175929691735e-01,-8.165010324238098915e-01,1.960432952937789242e-02,-4.739727623776748278e-01,1.311579517813067142e+00,4.395189478627405388e-01,-1.353601425755922127e+00
2.054815019328408987e-01,-1.550769453162236799e-01,-6.904137801743925884e-02,8.224718587911496182e-02,-7.603116335980349139e-02,-2.734032632512688882e-02,-5.121535063163858148e-02,3.273493858960599412e-02,-4.082123356432910272e-02,-5.134436568201710543e-02
-4.297931841386021246e-01,-9.582324363265119771e-02,-7.890241613629986328e-02,8.546958505440553633e-02,-7.276662109875810247e-02,1.107389046744142354e-02,3.136851384717741567e-03,2.776702972053626470e-02,1.237933478748920631e-02,-3.922308562000811211e-02
1.143793000415629146e+00,-3.948934369420902812e-01,-9.582081880021147136e-01,-3.439865715354414322e-01,5.196737806379363445e-01,-1.304479190452325632e+00,-5.958064285619280032e-01,4.644710367127927175e-02,-5.183130680239113053e-01,-6.857533966352987731e-01
-1.712337286709061379e-01,-5.213348633886798478e-01,1.195688660306803153e-01,-9.049335858322152815e-01,-1.600813012747643593e-01,8.413808336449014880e-02,-3.988595808038667978e-01,-2.980775969820780302e-01,5.011966788835867104e-02,-7.022671697346453967e-02
-7.856869324727178139e-01,-1.007352729285827531e-01,-6.300371808356379499e-02,7.749668851041115192e-02,-1.367860710351452569e-01,-5.594645262324238200e-02,6.418278915992346734e-02,-2.447405293986659736e-02,5.210802945834009520e-02,6.565489749353670135e-02
-5.697612766306633381e-01,-2.329983938141933220e-01,-7.055803243296354665e-02,-6.247090106230545475e-02,-1.615589309621330294e-01,7.508281070959994807e-02,-4.127697158304985403e-02,-7.980618837378178343e-02,-4.588973377629709804e-02,2.524224467578820574e-01
1.346483449803894450e+00,-2.433341865427846862e-01,-3.357688567112835920e-01,-6.915873699048622480e-01,5.002780280780181332e-01,1.558322053887478964e-01,5.697804829312507202e-01,-4.561867665533534955e-01,1.790677814270329460e-01,2.060898241225524452e-01
-1.708043256466355506e-02,-5.714962842510920016e-01,-3.345033127732647826e-01,-1.398777965622602371e-01,-2.309612661489987007e-01,-4.770293038034194022e-01,4.722617096217017196e-01,-7.093374806637939289e-02,-5.083465329929612864e-01,1.258037268848936907e-01
-1.026510627646005425e+00,-1.963464882658559341e-01,1.781122343479466441e-03,1.570216762953755701e-02,-2.879839543487554554e-01,-3.872091492691419334e-02,-2.784617733556924227e-02,1.260987217097662150e-01,7.124059009247500629e-02,1.123007253130649773e-03
1.765437439244307738e+00,-1.408302108073304915e-01,-3.597514481136273035e-01,-1.040430263096513874e+00,-5.020840989809689514e-01,-1.410289820832101970e+00,-4.467906159255409793e-01,-1.630463717916706690e-01,1.649125474561551341e+00,-2.527181774855996044e-01
-1.705981752038347177e-01,-2.249326604306379207e-01,1.615544763944501694e-01,5.131941465711823414e-01,-1.373694555221624258e-01,-2.372417001324961527e-01,-4.399725560168569194e-01,-3.515068896410152854e-01,-5.847081814843176906e-01,-3.357865731036234203e-01
-1.507519532501889081e+00,4.294065557029904112e-01,4.805610094130927795e-02,2.307355196471880809e-01,-5.025521297934056886e-01,1.991225858911955388e-02,-1.360537823309782457e+00,-1.271355842200793118e-01,8.177269007673021450e-01,-6.395329881964594287e-01
2.356311238453882850e-01,-4.114432468814006594e-01,-4.215926831656675589e-01,-2.568572791527129473e-01,-4.839502200495945927e-01,-2.958471415733832099e-01,6.001778276052162076e-01,-9.798042522815614275e-02,-5.479742465538981477e-01,1.490881920477825640e-01
-2.842506011526603760e-01,-3.869854898115590580e-01,-2.307221751567205270e-01,-1.116072281465860655e-01,-3.438590093357340449e-01,-1.008957523800515371e-01,-1.225214403665045582e-01,1.147754832251585422e-01,7.257306048588951786e-02,1.056297750762668908e-01
-8.653312840131132111e-01,-8.102087949463115946e-01,-7.697075870074483461e-01,9.243660738547441191e-01,-4.833661004709885467e-01,6.630414195093445873e-01,-4.314685808673848211e-01,-3.936101742159558992e-01,-8.418663375290805773e-01,-6.686720053804529051e-01
7.478413133771717458e-01,-1.902230171073845955e-02,4.061911786153959286e-02,4.220803129895746471e-03,1.729680562934526877e-02,2.510022461055188420e-02,-1.959368733880549954e-02,-7.687262460141858038e-03,-3.916658571268424004e-03,-1.511243585590254894e-02
2.148799675813950927e+00,3.305648283970835100e-01,3.769686008410053635e-01,-6.891570676835382381e-01,-9.387381534412783668e-02,-3.162804334334384793e-01,1.712143979705442187e-01,-1.757556580646002856e-02,-8.591538798193599780e-01,-3.277896346711233200e-01
9.021304905336399171e-01,-1.132758117531881825e-01,-8.647667574392478573e-02,7.944865074952205120e-02,-9.294877053237593501e-02,1.893762565120737096e-01,-1.583058392569647588e-01,-1.808836357296813024e-01,1.137793318442646417e-01,-1.715261683150676453e-01
1.154564952134389033e+00,4.975681902342361101e-02,-7.940787147827575998e-01,-1.052022649133780852e-01,5.549161676527830656e-01,1.665745781727071273e-01,-4.151494752265478261e-01,-1.957661996967919871e-01,-2.427726519385321746e-01,1.633621317830846464e-01
6.152443607565023509e-01,1.388458396131931671e+00,-1.376570066625110444e-01,6.770995202599958684e-01,-3.897881185669732074e-01,-1.652266279769890045e-01,-8.946824893469314255e-02,-9.008729679223292930e-01,-1.231258838969308878e+00,-3.532004478177163120e-01
-1.765145706219319044e-01,-2.485767095755335998e-01,-1.038757312052714654e-01,-9.437229918936022866e-03,-2.374413761682451218e-01,-1.064619882882259644e-01,-1.554373940266521315e-01,-1.680048063151240167e-01,3.187760373295231431e-02,4.374844175186180101e-02
-6.687913364447957247e-03,-1.440734940754436477e-01,-1.477558678426700856e-01,-7.140142897598644733e-02,-7.622666997771902764e-02,-5.360978513680398488e-02,-1.382117734811614540e-01,-7.208591410572411096e-02,-9.314113881432715611e-03,7.540975326914248211e-02
1.393153064325711288e+00,-8.101029522525787785e-01,5.266163808039255878e-01,1.040676641529798996e+00,-4.742307562950064947e-01,-3.333680974812476827e-01,-5.241602485609219153e-01,8.641555714484022710e-01,-3.869675376149047663e-01,-8.666940224790047331e-01
5.346858971698371932e-02,-1.460863977594470224e-02,-8.643883266278409860e-02,2.680100771049345743e-02,-4.714613190993760528e-02,-7.345298808771660859e-02,-2.991068207264193854e-02,-7.085862662267043699e-02,-1.325827944906462011e-02,-6.941012457365990096e-02
-3.598504975691309005e-01,-3.959613671528606216e-01,-3.771852355864032669e-01,6.352927846566929215e-01,-1.195374874642423785e-01,-1.434982216184281512e-01,-3.048058472628970006e-01,-1.507614965535114260e-01,-6.221098541793727010e-01,-1.028469368581499954e-01
-1.142142942831122943e+00,3.559762399526874010e-01,7.749734453123369171e-01,9.836525215621083618e-01,3.597017771782731743e-01,-7.553728831156368839e-01,-2.660355688778924255e-01,2.739465825434576063e-01,1.946211913996963028e-01,-1.375038152658895285e+00
-9.149900010836344855e-01,-3.120146985766869552e-01,-1.380784112901508320e-01,1.305859039778446695e-02,1.914959271524604156e-01,1.314535222581132423e-01,-3.108287397632970572e-01,-1.396773369423707223e-01,-1.133116468740969218e-01,1.338368877993375283e-01
3.464951598161691848e-01,1.013957849769604874e-01,-3.346067269879128558e-02,-2.565761458908414044e-03,-9.403719889175753133e-02,-1.019633970972222414e-02,-1.505282480102132503e-01,-1.266874907646771686e-01,1.136979031315757671e-01,-6.543483890565342243e-02
-4.782559251878550910e-01,-2.345608695086307260e-01,-2.068876865754780414e-02,-1.259080828699215282e-01,-3.589838429257878882e-01,-3.871642824782815101e-02,-1.901981684947403814e-02,6.041092059219398819e-02,-2.022044941436707682e-02,7.463548072488710751e-03
-1.012179893069002912e-01,-3.728007102938453443e-02,-2.592639547018018784e-02,-6.887039881379333761e-02,-8.412262149123994615e-02,2.827829853207849617e-02,-1.020713707111423930e-02,-1.306425593754141357e-01,-1.342192871286575773e-01,-7.427256424525356671e-02
-4.114929050105276542e-01,1.861828041236083045e-02,8.075918764469719457e-02,-1.945773653825335903e-01,5.793502334996367131e-02,-1.577319337287950984e-01,4.206492048658884431e-02,2.916662150950450130e-02,4.934023747970135709e-02,-1.773843962537948460e-01
-9.799056765734710517e-01,-1.576413750994230256e-01,1.158035687353192872e-01,-2.574333996891943130e-02,-3.370263407832613245e-01,-2.902459184409381665e-01,-1.235236892655105501e-01,-3.886070601487643522e-02,-9.200955996201450049e-02,2.236492568379459811e-02
1.087813537054864721e+00,-3.733713490918670330e-01,-6.566608114857480638e-01,-5.237724633062450924e-02,-3.458473393419715380e-01,-6.933956998116468096e-02,2.638984109119170141e-01,-1.161401889230730816e-01,-4.156507055062912404e-01,5.138119581924418394e-02
1.610110643551997400e-01,1.707419750957107213e-02,-6.353077648455970339e-01,-5.145199407202293296e-01,6.509814169431804576e-01,2.951067820779790796e-01,-9.423982308869481850e-01,-6.042893316635752354e-01,-4.244395648345477001e-01,3.039503485321271015e-01
-2.948433699357247417e-01,-8.125345567039235495e-02,-2.549412459985112012e-01,-1.246148777503318511e-01,1.015843896055858009e-01,1.284708156467842532e-01,-1.666686362339259153e-01,-5.293893860292282483e-01,6.640671686728382150e-01,-1.566003373640843244e-01
1.302301121603193224e-01,-3.777286403492010475e-02,-1.038455814299823338e-01,-4.164784728076528775e-02,-5.561582252027775369e-02,-3.364413954164909709e-02,-9.268408062136242187e-02,-1.267649769526242587e-01,-9.156784016126548464e-02,-3.213287748795740778e-02
-1.084202776145699598e+00,-2.213129992229292964e-02,-5.821922666502739319e-02,-1.972829818621446296e-01,-1.970678303777391449e-01,3.263076554040076488e-02,1.512759961895788867e-02,5.825486055633648241e-02,5.968302331757828483e-02,-2.562967098142158312e-02
-8.548767893097269921e-01,-7.905383406454329354e-01,1.254675692274461518e+00,-6.098148096459041767e-01,-2.683362244449710166e-01,1.718203574618272778e-01,-4.083204496243152404e-01,3.886145273825193924e-01,-3.276765510383853885e-01,-4.091660112213507117e-01
6.490276552879472582e-01,-1.041767490578766830e+00,6.035885935483195075e-01,-5.738578564425255157e-01,1.799873054639980596e+00,-9.763416799422433012e-01,8.214598923942029174e-01,-1.143357208370684219e+00,-1.215594321347703399e+00,-1.556367916794083595e+00
-3.927368924611835399e-01,7.778757329281973387e-01,-3.390489681218553097e-02,-5.417097286976881865e-01,-4.098682240419434519e-01,-2.101207450869936599e-01,-2.135443321843648323e-01,-5.116102010733045852e-02,-3.172062588120942439e-01,-1.180943468683110648e-01
1.671099958749001413e+00,-9.165564653134268547e-02,-7.826377116093224950e-01,-3.468890580614755748e-01,2.469320502316244004e-01,-1.150781682104961234e+00,-6.973684566091792325e-01,-3.656509422800191533e-01,-2.201777968206165559e-01,-1.989455771473564727e-01
-5.276739298992052518e-01,-3.121898211782086485e-01,-1.054061744357735614e-01,4.182517857005734613e-02,-3.490808918828143814e-01,-6.005231806786598403e-01,3.859806957474213318e-01,-2.196255236205853778e-01,-2.278963387555890674e-01,-2.881720345809881886e-02
7.523262105522272591e-01,-2.928844579231651424e-01,-2.097217604000728652e+00,4.438367960401634060e-01,2.889975153089697768e-01,-5.663159218659085704e-03,8.636945221567154940e-01,-2.914172578116019929e-01,-3.787396180862375727e-01,7.456490032757721043e-01
7.879389287729006083e-03,6.662284546783252270e-02,-1.075486708913521439e-01,-1.019090060609179928e-02,-1.297166422501188909e-01,-8.902744073587168239e-03,-5.068246638132254539e-02,9.288407294495608368e-02,6.567134847158265232e-02,-1.344557588649231417e-01
-8.843056348119544552e-01,-1.801562746278513039e-01,-4.559342555534029451e-02,1.414772990023703547e-03,-1.435598527602810481e-01,2.467237558192086899e-02,4.181512457368789619e-03,-3.373000478592389634e-02,5.777007689678106961e-02,3.189906811463486674e-02
-8.885836505257795892e-01,1.718631153723800820e-01,-1.978763106081981304e-01,-2.253062676457075753e-01,-2.882530945846523140e-01,2.400060889793723812e-02,-5.154785698141634009e-01,-5.273733781645125740e-01,-1.095183031348996999e-01,8.390994557810432797e-02
3.822536920762080181e-01,-2.194943678976207513e-01,-2.467402760917233595e-01,2.132794370790818406e-01,-2.409730946924260736e-02,-6.276790882420334172e-02,1.102020611187406046e-01,-5.440095279616151691e-01,-2.771552715603776140e-01,-2.478459629040725420e-01
-1.318851538157365555e+00,-1.645910358204379365e-01,-6.082262029338794673e-02,2.912489246270730803e-01,8.641874815595345094e-01,7.560214837127585685e-01,-7.958465800608909291e-01,2.482683009582139222e-01,2.298082772183011047e-01,5.084690687395285735e-01
-3.922521391830806059e-01,-4.334776197221614225e-01,-6.314130260470894873e-01,1.711738210755663070e-01,2.697781554677710636e-01,-5.787901836178612758e-01,2.574256632240889409e-01,-7.778588584458160371e-01,3.446898860873934961e-02,3.107175690321514194e-01
-1.228134823508021833e+00,-3.864102733275271984e-01,1.022306143874178286e+00,-8.775560874359534802e-01,-3.710794067997263967e-01,1.251145150541856488e+00,-4.716922654191644804e-01,-4.320925165807330548e-01,-1.223301320475533638e+00,-2.646482535378349432e-01
4.379103770233874204e-01,3.018644737456578631e-02,-1.796975127892594115e-01,3.339052132789199247e-04,6.690481809310854303e-03,1.277307694341766608e-01,2.245122404251032738e-02,-1.656302272468687664e-01,-1.259309631201762925e-01,-1.078650204765333048e-01
6.557671257209285454e-01,1.981474752862406527e-02,-1.197377405238816278e-01,9.498404395233160658e-02,1.097484654407560462e-01,-1.342602911015346456e-01,-7.663213699407652769e-03,-6.662684347872536994e-02,-1.989529608832171781e-01,-5.768313601378632222e-02
-6.585258637952349225e-01,-2.509683102382172931e-02,-2.157516145797462870e-01,-7.313921171196188786e-02,-1.856426636812482378e-01,2.368242289372921860e-01,-1.630721461994568688e-01,-1.350299204090580317e-02,1.169570976910637300e-01,4.881569138136511443e-02
-3.863385935857752140e-01,-3.767085857976149588e-01,-2.587848779414381739e-01,1.393372693137558960e-01,3.917390786324061458e-01,-4.376829297600389607e-02,-6.641298038968204143e-01,-2.916246994511604296e-01,-5.422254271364759237e-01,-6.960322654713628487e-02
7.607508100863649703e-02,-4.884887204754512907e-03,-1.793090074441808929e-02,-1.091490252085182550e-01,2.597222966096887076e-01,3.226551280266596322e-01,-3.066365705011332987e-01,-2.829385497653169046e-01,-1.847751446850757484e-01,3.183667038966240814e-01
3.689629783344441361e-01,-5.689552191619735855e-02,-5.122959391114170064e-02,-1.111139935953544822e-01,-4.570953699146049765e-01,3.163201963791834048e-01,1.164275778438031567e-01,4.655455230365322383e-01,-2.728143726061686702e-02,-9.456709955346874474e-02
-6.766755129578102546e-01,-6.388542794982968731e-01,2.597514273074636448e-01,-2.921757541713701500e-01,1.930910053373394719e+00,-8.927669628994051865e-02,-5.408127209874561414e-01,-7.807524596870086819e-01,-4.023840285120720561e-01,-1.850846344379854402e+00
-1.526062883846879048e+00,-2.477316077921692672e-01,-3.058661990275016174e-01,6.109442393918129710e-01,-1.726023833328538815e-01,2.661129961709627345e-01,-1.783091626065298196e-01,-6.929095277269073372e-02,-4.666275543964701344e-01,-1.367445811113581489e-01
1.452208307929945263e+00,-8.376681136853890430e-02,1.242539346264957961e-01,-5.410693721746171470e-01,-1.121136244022468559e-02,4.596918113379380721e-01,-3.704029817758702214e-01,-2.008357791615200671e-01,-4.739735993686483573e-01,-3.838629671398408050e-02
4.321326036806226178e-01,-6.443580631052205250e-03,-9.091552425739257703e-02,4.558426361819582773e-02,9.677520889404071444e-03,-7.241755734437828329e-02,4.125442630096753417e-03,-1.064394206901047024e-01,-3.661749963606587138e-02,-9.392272464904335982e-02
7.521119330243277723e-01,4.219807034897836429e-02,-2.799616214003611270e-02,-1.934323785186468220e-02,-2.037623569750701344e-02,-8.085588567526814929e-02,-6.249448456940243785e-02,-8.582819210981856850e-02,-8.025217462197298951e-03,-8.147653449472580175e-03
1.605337352272347973e-01,-4.987595476193575073e-02,-1.423823180032405544e-01,4.597414363651614044e-02,-1.142935921204518979e-01,-1.244137040973462977e-01,-6.785111630708547115e-02,-8.771000194590171384e-02,-4.710481895468752837e-03,-9.345996047591156874e-02
-3.140662731261638085e-01,1.036804575358547635e-02,-1.314957876795412040e-01,-1.732753332863055107e-01,-1.428543004352181844e-01,-5.119521150804241527e-01,1.210964297319044730e-01,-3.867926701652494859e-01,-1.326764058206282848e-01,-1.003215682913784212e-02
7.409511308032766808e-01,-8.250923594569679886e-02,-1.775284442312744237e-01,1.272721409422731820e-01,6.148356228452346584e-02,-7.552293952923483378e-02,2.072335452105342896e-02,-2.081685743923272491e-01,-1.342269461588689421e-02,-1.399719655556543874e-01
-6.850370745121392435e-01,2.860670576322838030e-03,-5.399125790980003892e-01,6.678961241569729701e-01,-1.880572832552987114e-02,9.584287223804879852e-02,-4.600796128983247746e-01,-7.959593184953270284e-02,3.744485907645117573e-01,3.846846892933699323e-03
-1.004377505500512635e+00,-5.167632033745838127e-01,-8.896629643028368672e-01,-5.937611054530111954e-01,-4.457346769198648473e-01,-3.359251552919065853e-01,3.667657447849146934e-01,7.709957317375597530e-01,-5.773559575492466234e-01,8.005078876794560205e-01
4.272783363757019504e-01,-6.862764045865371587e-02,-1.451415280038173272e-01,-3.862240974573157015e-02,-6.386933842163192154e-02,1.586984743143315946e-02,-5.798431219328312181e-02,-1.378065951463334771e-01,3.156557852111687573e-02,-6.123841538490491093e-02
8.696010035296988239e-01,-2.038610914261782814e-01,1.621565359597546552e-01,-6.873159346536727998e-01,-3.951878759280593179e-01,1.617630720367920216e-01,-6.144318857408835877e-01,-3.749111219649630677e-01,-6.666481709965912383e-01,-2.986401558615724983e-01
-1.787226068182018013e+00,-3.675018624420476887e-01,-6.235096382664837567e-01,1.042105923569956349e+00,-9.197379063607515892e-01,4.216336347414746943e-01,7.824702635817961660e-01,-1.287275155750239319e-01,-6.876224947754614458e-01,-5.117510171431365329e-01
-6.187712009319039641e-01,-3.776489703625022787e-01,1.722085406802251084e+00,-4.209865731961601742e-01,-1.405913356911074052e-01,-2.908898428896015687e-01,3.027050742998149135e-01,-2.141222125075100402e-01,-5.067878675269883448e-01,-3.278575476970304048e-01
-4.699517427126685409e-01,-3.427731279800496633e-01,1.063093762683149229e-01,-2.626052876972397310e-01,2.288170111123265238e-01,7.809886541975551155e-02,-4.372708042710475307e-01,-6.097971879989981803e-01,-5.692291888816640721e-01,4.582368640755105638e-01
1.841885308519051329e-02,-4.009969822678046691e-01,1.288581833683258571e-01,-1.708935433222278366e-01,1.415162405866916995e+00,-5.484980572721462888e-01,-3.160558688265622806e-01,5.401624778541637140e-01,-1.725194212998693022e-01,-2.197360703743220345e+00
-4.596058027767279675e-01,-2.858584440594644487e-03,-1.241051432915389469e-01,5.144234027247564234e-02,-2.561986809114054076e-01,-5.460387141019211639e-03,-6.656849225134765791e-02,1.775748974155584928e-03,2.211086415723911500e-02,1.778858984743790506e-02
7.045621908289544377e-01,4.964264285851125585e-02,-8.366150765305137987e-03,-7.891754994172363313e-02,3.742068639334335950e-02,1.609989724462160821e-01,-1.126688804245926795e-01,-5.687284696080525948e-02,-1.683621775111003305e-01,-5.345377041775158100e-02
2.358168486318039103e-01,1.032451256546283169e-01,3.606111509407625149e-01,3.931300687191568444e-01,-5.360171091543181748e-02,-4.655450112817646757e-01,-2.638427232973705044e-02,-1.778960759676384215e-02,-1.662214186860149767e-01,-4.244713228607592259e-01
-7.121809178889765279e-01,3.922472746755838874e-02,-5.522448573227188851e-01,-1.340786269781243933e-01,2.287627466685382971e-01,-2.403660786980866548e-01,1.090169833289537649e-01,-1.250799459498302124e-01,2.391189316888017169e-01,3.147274932506432532e-01
3.605529382108935699e-01,-4.587027196955869024e-01,-5.395313721668949514e-01,8.723185148240777398e-01,-5.654352607721404578e-01,-7.164549478620960699e-01,-2.891893442487006305e-01,-1.467448433613924574e-01,-2.105160617791365374e-01,2.625864687966638078e-01
-2.439341451561763130e-01,-1.442802931548514168e-02,6.993761646887090844e-02,-3.550774008210091925e-02,-1.872138898502627991e-01,-3.281365316124575798e-02,-1.929672769719092268e-02,-6.087578457102581220e-02,-4.234588498124299688e-02,-1.164573122665153171e-01
2.122489174122501876e-01,-1.565943526775528394e-01,3.930731101230265367e-01,-7.396399532136592736e-01,-7.938239584878846733e-01,3.369148141677212882e-01,4.381427101146393999e-01,6.109964568137096208e-01,-5.941190701898720894e-01,-3.510604995617723767e-01
-6.253463536321841876e-02,-8.012895194487322514e-02,-1.598021186084019607e-01,1.375851053220465518e-02,-9.729872587740820422e-02,-3.783091839566053022e-02,-2.101231270672122842e-01,-1.087871668883387266e-01,3.451667068595060117e-02,1.082902236597313959e-02
1.206434968746412206e+00,-1.758183843349662434e-01,-6.550090033893249952e-01,-4.512806242006943136e-01,3.383173265815144215e-01,-2.454032803955922826e-01,6.806415906722114439e-02,-5.288941988415593043e-01,5.284848331713780656e-01,-3.261171677494242166e-02
-1.722011835856829265e-02,-5.388291430553953099e-01,2.438521928665283445e-01,-1.017553507931753531e-01,-5.212158607193012605e-01,-5.451107462217262833e-01,-6.521461544597297044e-02,-4.437593699006698866e-01,-3.186538328256851016e-01,-2.249697200506754202e-01
7.849967223367874114e-01,-2.509117552746930602e-01,-1.465249679230778979e-01,-1.165930516457363897e+00,-1.945988827538032151e-01,1.862881439248383897e+00,-2.320860764336754589e-01,-1.074588091509843663e-01,-6.423498115702014344e-01,-1.304626006017464701e-01
-9.516971897016160975e-01,-3.615062940536097336e-01,4.783898269490088895e-02,4.939753083288875302e-02,-3.823871031560608369e-01,-2.082214784909875438e-01,-2.961139326662715621e-01,-1.470152250640919811e-01,3.382292364796553319e-02,-2.453847830372159755e-01
-2.958153959792693133e-01,-3.389718741780886613e-01,6.042742900153752483e-02,2.498739990136958009e-02,-3.043849451093619818e-01,-1.091076134451437057e-01,-1.375830056077670394e-01,4.421605338676255076e-02,-4.232564950803800741e-02,3.203646852313440929e-02
-4.256132197019847352e-01,-2.406812935573531820e-01,-2.186129660004359210e-01,-2.722989855487676913e-01,-1.850477189697325164e-01,-6.831648712484415797e-02,-3.021551718123824393e-01,-2.341072325807442012e-01,-3.734446331153258303e-01,9.169069924371099634e-02
-1.067609295859851981e+00,8.593562527722527905e-03,-2.572934534637246751e-01,-8.007856556789871849e-02,-1.903471158689880871e-01,-2.846465934732020919e-01,4.979059110678787925e-01,-5.445974674793709752e-02,-4.612676347016061440e-01,1.627012188918901259e-01
-1.648812152663809316e+00,-9.934793382034660947e-02,2.584089674994594077e-01,-2.616304749310511268e-01,-4.468336504178389013e-01,6.677870339386278165e-01,-1.794753479142326691e-01,1.556861606294606890e-02,-5.547034448524890138e-01,-1.495992601308119285e-01
1.717037958729042413e-01,-5.388210586509738914e-02,-2.002897029506684468e-01,-1.676847702952516950e-01,-1.277939399721331193e-01,-6.666948761050585370e-02,-2.372478296810771325e-01,-9.322821037920080156e-02,-6.990616000027778665e-02,2.283250005695190016e-02
-9.732471361071942662e-02,-5.792352390632033998e-01,1.525695827460827048e-01,-3.190392618619502518e-01,-4.209189469113402415e-01,-3.426998878517827918e-01,-2.994940931646042914e-01,-4.003354414109827619e-01,-2.327551749023269723e-01,-1.796561636827846142e-01
-5.811583934957849085e-01,-7.676756060415852734e-02,1.418641979184832608e-03,5.067825261983361848e-03,-1.366830318455900251e-01,3.346127008035727768e-02,1.806573610765700721e-02,3.177147465900528878e-02,-6.241078886687377592e-02,-6.649698557504675998e-03
8.745460258058903591e-01,-5.823742578357811173e-01,5.849796619708940160e-01,6.263960495797497030e-01,-1.218214993244188804e-01,-8.077901361397314961e-01,-4.847559650150491395e-01,-3.119182815573456891e-01,1.087784788942931791e-01,-1.601056030021457688e-01
2.477635033109363838e-01,6.458367207582720038e-02,-4.794176400518881942e-01,4.614983284503595962e-01,-8.916372449160497871e-02,-3.535699781417558918e-01,7.820290723812702016e-02,-3.500213706103719735e-01,-3.004006879648206674e-01,-4.172540203201837716e-01
-1.921571537746167069e+00,1.194743837671266573e-01,5.382337583041115758e-01,-2.943536372124351264e-01,-1.951329052498891325e-01,2.679676516449215340e-01,3.090700284453943292e-01,3.515622608685023409e-01,2.713019377689976364e-01,-5.020308327610973897e-01
-6.557595624427488001e-01,-1.487553188343056221e-01,-3.358982667005259298e-02,2.035849683740363347e-01,-2.069680121589725363e-01,-5.011729092314346490e-01,9.164904896818305835e-02,1.961932477591003532e-01,-1.491722691711921678e-01,-3.946025950692330087e-01
-5.116688042950098270e-01,-1.654843272462580839e-01,-9.293642230362808565e-02,-1.598409967608714274e-02,-1.020007898116354061e-01,-5.406638894481943878e-04,-1.878402593851062619e-02,8.246304288354185108e-02,-7.215735237217439646e-02,4.633628530360037884e-02
6.863979807769411690e-02,-9.650773410339975877e-02,-1.109466694498477263e-01,-1.561597108619244001e-01,-2.036112508016501288e-01,-3.086956040821459690e-01,-4.653286052742144907e-01,-2.188647316702614087e-01,-2.019942799419841284e-01,-1.370649461290722460e-01
-2.888098378566959501e-01,-1.220988958965508603e-01,2.073459377873222709e-01,-1.581919412510856271e-01,-4.663909002025143913e-01,-4.838478949005447366e-02,-4.594120567907896135e-01,1.510590331529770847e-01,-2.875981842998458216e-02,-3.772824929390661830e-01
4.202641908875091037e-01,-5.940291715333596151e-02,-1.231405952745699278e-01,-1.110975777048374968e-01,-8.081628136103055637e-02,-1.055399355926571192e-01,-2.164977150524994842e-01,-1.525618999293246181e-01,3.061963312208216756e-02,3.186429446020746983e-03
-3.072914092678347142e-01,-2.309112348778008805e-01,-1.692706690014557647e-01,-6.856215083255791376e-02,3.648120441758059135e-02,1.307819198116631221e-01,1.411141135654252199e-01,-2.868398081266027716e-02,-2.122661290869040374e-01,-9.339716893228373895e-02
6.085609969404025266e-02,-5.238220599935678595e-02,2.773219188480784969e-01,4.417720037139631628e-02,4.120076396114467909e-02,-2.896982782438725090e-01,-5.075891950921989498e-02,2.490925652380242272e-01,-2.671472052405663433e-01,-4.073706874221682539e-01
-3.049345466694672879e-01,1.302096822489799341e-02,-5.436767416619274762e-01,-4.284112478855176542e-01,-4.527209936985784888e-01,9.157379438261746829e-01,6.561810442975878344e-01,-5.317129521510908369e-02,-1.049479032688211966e+00,-1.519585745186669001e-01
7.495700346149060112e-01,-3.508472056561160457e-01,-5.186301821274108548e-01,-1.379443784715315459e-02,-5.462680498386102840e-02,-2.367165983045056987e-01,-2.516868704446578731e-01,-2.949275223812853897e-01,-1.279712331628840016e-01,-1.005283828592244827e-01
4.623856128936806309e-01,3.616567370702295642e-02,-7.230209702139384076e-02,-8.211997891779912462e-02,3.943612507713140092e-02,3.403243159995698180e-02,-1.035140200842862707e-01,-3.314086699066977337e-02,-1.599978125132446305e-01,-1.243455152251529139e-01
-3.789965369764425884e-01,-2.148702073740923757e-01,-1.736077353582969884e-01,-2.906564399889841610e-01,-4.318682750945053717e-01,-4.128527012590231249e-01,1.074486205615379220e-01,-2.713976066903773243e-01,-5.346422618675098493e-01,4.580253320413526369e-02
8.001221816828024691e-02,-4.089068889416264813e-02,-1.903057671098927761e-01,2.051596667684604525e-01,-1.266482664131204083e-01,2.994455278696078193e-01,-4.672856378039200731e-01,-5.940415325383320289e-01,1.097650862503472435e+00,2.772926481839988466e-01
5.359306556284955392e-02,-1.337931647434506717e-02,-1.027629236679606928e-01,-2.411372217259780126e-02,-9.475078451098944976e-02,-2.486827186924996103e-02,-1.102103768880561413e-02,-1.173449768676075033e-01,-2.229721217339432349e-02,-8.433320848299381833e-02
-5.552596275866442666e-01,-6.277377282281890736e-01,-8.000602122116169390e-01,1.113533233125618249e+00,2.850282636149327198e-01,-5.509718071633690206e-01,-3.121769331583219564e-01,-8.194217084289748820e-01,-8.275842194246177952e-01,5.550749113340071039e-01
-5.613974624729227703e-01,1.973108673382038436e+00,-6.395753503474698176e-01,-1.156234518881685158e+00,6.965520550496233018e-03,3.452595642754267558e-01,-4.387667686210695583e-01,-7.657876908808550764e-01,-1.119237137473209520e+00,-2.491156761073697878e-01
-4.523419905738726432e-01,-2.204720375239739016e-01,-1.786617175714785566e-01,-1.173413311223155675e-01,-5.719123815498470403e-02,2.903567182992105034e-01,-2.264785109052517842e-01,-3.229770045868866207e-02,-2.255357188910904476e-02,6.983410402037884546e-02
5.653828033349264093e-01,-2.005796065061136654e-02,-6.462768939362083243e-02,1.728083884184357030e-02,5.165614514371018665e-03,8.629770809476687218e-03,-1.670163377278229000e-02,-3.700496029106548068e-02,-6.433357647557673420e-02,2.080158966640343818e-02
2.448040848814868678e-02,-4.684257587829344233e-02,-1.154692498198680098e-02,-1.176084778133393016e-01,-2.537348772722952117e-01,-9.139942467362504458e-03,-9.769608423774524264e-02,-1.535500229588715460e-01,-1.378235593724364827e-01,-1.408077983749386752e-01
9.343436896430785954e-02,1.437078891141920223e-01,2.204968638064973979e-02,-1.406453755517357851e-01,9.248034285180165015e-02,-5.215067202780426792e-01,-1.342417221641623581e-01,-4.145544728268396040e-01,-1.133541209843308556e-01,-2.473147206780351715e-02
-1.969865073542723666e-01,-3.079941018997954527e-02,-5.288997985581150862e-02,1.884735641191536207e-02,-3.460462769635780367e-02,2.510876080724309956e-02,2.315944910332120785e-02,-3.311586504530054237e-02,-5.237460009501632846e-02,-2.501988249010843671e-02
1.210296899651334135e+00,-2.008111032467154722e-01,-4.683581343683800857e-01,-2.721380321354802678e-01,-2.681651225980137207e-02,-8.470040953318963561e-01,-5.268304338028921840e-01,-2.976585761665064278e-01,-2.399761883055212541e-01,-1.678652191933918680e-01
-1.107458097466724523e+00,-5.140886202785117653e-01,3.184943813445739180e-01,4.965550069935998900e-01,-2.186812851584140072e-01,2.831600714276141240e-01,-3.105744773576214479e-01,-2.701551543486540585e-01,5.745858814781711066e-02,-8.803641713301812999e-02
-6.548127886395958830e-02,5.990803072346354563e-01,2.593017417567999860e-01,-1.659577333930754295e-01,1.824363036733840093e-01,2.899762957875340330e-01,1.155494547687089812e-01,-3.855224521239706270e-01,9.033200641709807077e-02,-5.749240925751392811e-02
1.507126132935196761e-01,-2.901960607487433230e-01,-3.077293815740357874e-01,-3.693374088358663404e-02,-1.410155562280020758e-01,-3.402839806753964885e-02,-3.445068645244280248e-01,-1.489298688472702192e-01,9.086030933326155745e-02,-1.752813273436075805e-02
-5.032432428978593775e-01,-1.511178383032771855e-01,-8.139236781966006917e-02,-1.156492903244947107e-01,-6.026887070673028063e-02,-7.965144986704084107e-02,-1.736839848016229759e-01,-1.164197772113401419e-01,-3.194281029660324678e-01,-4.104831867072874368e-02
-7.622772207962073832e-02,2.197587985081404238e-01,-3.601042012527864711e-01,8.112459585918405103e-02,-8.778298440913398504e-02,3.513669532028536324e-02,1.716717722140503610e-01,3.833480937890351714e-01,-9.007159861000561818e-02,1.420253698553032018e-01
-7.779326597547145394e-02,-2.617515332371330716e-01,-5.456158273091982203e-01,5.264586994670777953e-03,-2.686705357379230441e-01,2.224894267395647468e-02,-1.190231779104728577e-01,-6.565433306219764509e-02,1.875732586449168487e-02,3.190293639584868002e-01
2.514797861143171498e-01,1.020364774414791037e-01,7.752844613227301285e-02,-1.598480653862701939e-01,-5.850243812125011794e-02,6.889308835362656369e-02,-1.675645146704519139e-01,4.813709621463851084e-03,-2.698412842673689888e-02,-6.837473215202721777e-02
1.975904976048410144e-01,6.084711357722069613e-02,-4.396545977287699136e-01,-1.799120333963338467e-02,-2.718425826929065092e-01,-3.028125822498133890e-01,-2.880430309493902524e-02,-1.947807811548263601e-01,5.490909233450022575e-02,-1.444933893770287414e-01
2.025335294284399401e-01,-1.418280677910876697e-01,-2.046959122212402560e-01,6.673861182424040139e-01,-2.872020258408133908e-01,-1.161603577579784219e-01,-1.224348232873877784e-01,-8.083138631960709586e-02,1.417285771695305507e-01,-9.665022423669128102e-03
-3.720798574228527111e-01,-3.747359443136623613e-01,-3.926661825285907570e-01,-7.645869430121935428e-01,-3.792175515727829738e-01,8.799480176028512401e-01,1.786035700869847143e-01,-5.286177176538292555e-01,-9.616658290708098855e-01,-3.969667556321825885e-01
4.413817930411043644e-01,-2.181228488502028606e-01,-2.245924114096870261e-01,7.491978832454876391e-02,4.040580123889797939e-03,-9.520053516749228673e-02,-3.194721404449154534e-01,-1.749036192341955620e-01,-4.490248573945050843e-03,-2.086663092321779447e-02
3.227269258083640846e+00,-5.336399331335354990e-02,1.582084245232593389e+00,1.823193687867388224e+00,-8.634946156595322275e-01,-1.309797761943054084e+00,-1.333022110343139888e+00,5.409046766716734123e-01,-1.125985315329470549e+00,1.199601259397471642e+00
-1.621480422748566297e-01,-1.055466571121758262e-01,1.479308837750666766e-02,-3.724301354059526836e-02,-2.468835034908830328e-01,-5.956565399374131459e-02,-7.047108569631743702e-02,8.537161912563402677e-02,-1.020517436553776969e-01,-2.769931658135410188e-02
2.652469013155500099e-01,-4.077801007410655765e-02,-6.439317624100726611e-02,-1.932001322190875572e-02,-5.014020863734911654e-02,-5.589459696173085246e-02,-1.180756019421433101e-01,-5.410734512766469245e-02,-2.232710263894932892e-02,-7.540996899970180134e-02
-1.028988074242842998e+00,1.849815463309994135e+00,-6.656593658982314921e-01,-8.290463998299066883e-01,5.347580833690546154e-01,1.571274254165986317e-01,-8.321377998451308378e-02,-3.298721164945515594e-01,-4.960441134824880027e-01,9.663150115255458861e-01
-1.874459345452311299e+00,-1.325241398191364661e-01,-1.543132940555265453e-01,-1.551697372818273135e-01,-3.960799017730433080e-01,-2.913881555847765426e-01,4.517742621718464080e-01,-5.510002007704860316e-02,-2.920104905424991681e-01,-1.249843046762685733e-01
-4.228536466675824612e-01,-1.215846534043037996e-01,-4.650130907800591878e-02,2.629435191984862141e-02,1.888407271505557553e-02,8.232064249417651858e-02,-7.499227013040385414e-02,2.692772225229196972e-02,-4.199927384100016897e-02,-6.198066525770774826e-02
1.962566282634300163e-01,-3.230423895101796616e-01,4.250135288028476094e-02,-1.389028320282278961e-01,-3.753222203704341675e-01,-5.552528478179332705e-01,-7.227001804134326225e-03,6.064602950304068957e-02,4.499512089907155565e-01,-6.560848032342992964e-01
-8.471596590952472638e-01,-5.556942254841973350e-01,2.792985644887377439e-01,-1.167617874798847044e+00,-4.509018701398599949e-01,-9.776029136732251601e-01,-2.690571094710170197e-01,-9.849439220650446636e-02,1.027832273026197063e+00,-7.371888388118787994e-01
-1.146827071149204347e+00,-4.077271394121712023e-01,-1.513044571531436233e+00,-1.904447214071183447e+00,-7.742559088138263323e-01,7.009491324424662606e-01,1.077721930822281182e+00,-9.424860040656226623e-01,2.538862365890818928e+00,-9.045681157778224790e-01
-1.536683719353403310e+00,-2.366686679889119793e-01,1.364975231538305689e-01,-3.957090775816948236e-01,-7.531431230864924498e-01,1.024314598988794511e+00,-2.034182566504283141e-01,-8.337001499660513515e-01,4.559286987472150332e-01,3.710555621826283623e-01
1.229265489724582217e-01,-1.550479270728874759e-01,-2.863040913808624355e-01,2.121870264253117658e-02,-8.750378245623098572e-02,-1.362771299327919863e-02,-2.728035923284880537e-01,-2.810953575186644349e-01,-2.157029645434992149e-01,-8.911554094246278146e-02
-1.447410096430850890e-01,8.648655674700391760e-01,-3.537068888646199838e-01,-5.509075046942891740e-01,-3.180972591991167997e-01,-1.736394791725570930e-01,-1.823740906149361185e-01,-4.979066970104564782e-01,-5.168146112425854311e-01,-2.052247045503782508e-01
2.008505132723471254e-01,-1.642512614937700344e-01,-6.621022145774549950e-01,-7.218667079895180194e-01,-5.555940152749244687e-01,5.876188572130902621e-01,-5.759119985828785593e-01,-5.383147554394565049e-01,3.227697989138245127e-01,3.246647138042648706e-01
-7.044074785377651970e-01,-3.715904560380174360e-01,-2.774655967057416961e-02,-1.773649719333728336e-01,-2.712450652366055759e-01,7.268093983190855589e-02,-4.154684933948895043e-01,-5.193162646563784235e-02,-2.200258801918046903e-01,-3.527560584794615928e-02
1.747940794673283615e-01,-3.835477343131566408e-01,3.564658099203729929e-03,-3.515626325802524432e-01,-5.574461675852540044e-01,4.898424878121837023e-01,-3.431730554971607616e-01,-9.161220143292103657e-02,7.474524688571482223e-01,2.511189989140610312e-01
2.888768374962533136e-01,-2.573741689682921829e-01,-4.177484019072172927e-01,-3.472360546545344984e-01,9.217252934456890423e-02,-9.818550214057057343e-03,9.318916742405505826e-02,-4.690420974564734613e-01,2.259730639811317054e-01,-1.957785468358603509e-01
6.725024077797411293e-01,-1.239677756383584240e-01,-2.722406608426097829e-01,-1.486114012396740347e-01,1.670268621183245816e+00,-7.013604655847917035e-01,7.365806704506436819e-01,4.723515037294350738e-01,-5.842140464318320570e-01,-2.549975381137456143e+00
-7.714578934191651527e-01,4.095714833194926685e-01,-5.276863884964356766e-01,-3.553477765716075987e-01,-8.907361568872205204e-01,-6.759925311614674026e-01,7.962099808210879592e-01,-3.351408940410899318e-01,-8.364697412711393776e-01,-3.093643622492523587e-02
-4.093914899459649703e-01,-1.276283857673993737e-02,6.706715480689073861e-02,-1.301908322064705692e-02,-5.597458375224864668e-02,-1.096720447845872248e-01,1.000766086168395352e-01,-8.249156948463134964e-02,-3.981597071327868526e-02,-3.597069411655846177e-02
2.642611898826699446e-01,-3.275469855600608993e-01,7.470064064474329912e-01,-1.289182901187476249e+00,1.303092333313362050e-01,-9.816648112685051608e-02,-5.857761736145559173e-01,-2.382552945906942776e-01,5.467485934881357590e-01,-1.710193217531302129e-02
-1.082971454770504494e+00,-6.815093880061752485e-02,-8.234473674878172167e-01,8.700517170226678143e-01,-2.561896651353111620e-01,-1.377628006198465538e-01,-1.298594837068301477e-01,2.914101892146003792e-01,-6.726275582975301814e-01,-5.096427898442117410e-01
-7.556661728144957457e-02,-3.741878590780126634e-01,-4.112482331893973497e-01,-2.551376858209695730e-01,6.292791690844896646e-01,1.056069730390092470e-01,-4.360109402293645409e-01,-4.885428090969431425e-01,-7.932789704058513802e-01,-3.150642325342944416e-01
5.083546812764061507e-01,-6.012052249780888147e-01,-5.352216127411032476e-01,-5.603033312609838612e-01,-5.744223655996076872e-01,-2.530175578657056223e-01,-5.604814766300368900e-01,-2.140186743158351834e-01,-1.250580471924754578e-01,3.703160677191871808e-01
-9.276526202629963302e-01,4.900149543702844168e-01,-2.685909105108546038e-02,-1.668159125620838623e-01,2.929901194102210726e-01,-5.436557391280185669e-01,1.083358647517119883e-01,-3.588210394801880782e-02,2.903279154540676088e-01,3.116146055811566326e-02
7.721137954385042246e-01,-1.184539241740867471e-01,-8.167292101730286302e-02,-3.121889684284485586e-02,-2.073542474179137021e-02,6.334393136437664606e-02,-7.338210294251874821e-02,-1.356863727640673090e-01,-2.643120805062219685e-04,-2.767461435511261655e-02
2.801667929561419523e+00,-5.365450459078662249e-01,3.427576939323685457e-01,-2.308653002571526072e-02,-2.152907876723237912e-01,-3.603221957515283930e-02,-1.538838972278331607e-01,-5.426288134661416684e-01,1.964230706068502974e-01,-3.235975615315800913e-01
7.548680489039618635e-01,-5.052328060750960192e-01,-1.680950901801853414e-01,2.297238478398820616e-01,-6.409563521084724602e-01,1.922009780410721402e-01,-3.031645673882193415e-01,-8.199674262771781130e-01,5.109424282382962756e-01,4.584870288211851386e-01
-3.747368057203904201e-01,3.252891050616081303e-01,-4.236606760655831083e-02,-3.004703984585832197e-02,4.146456657404692242e-02,2.534969448725060137e-01,-1.023370803600257145e-01,3.357170942660514523e-01,-3.372347929847140102e-02,-1.296036109788806789e-01
-5.585561650573357406e-01,1.020159403081962041e-01,-1.463633793772888547e-01,-2.173916468153584136e-01,-2.052367611552593507e-01,-1.879383270817946636e-02,-3.859664471572266109e-01,1.236658937680210346e-01,-9.388771221450933901e-02,4.213599115560144326e-01
-1.026876090773107153e+00,-3.504207130649429902e-01,-3.105187775806745876e-01,-6.286694651404656220e-01,8.261661710900176647e-01,-2.690146822801082194e-01,-4.981265978573005127e-01,-7.591838605703448151e-01,-7.992197415670270200e-01,1.165206630779099584e+00
2.724792257810296769e-01,-6.237497348733474917e-02,-2.618307723780336979e-02,-1.131871495665229266e-01,-2.987903313945181397e-02,1.479138800538760262e-02,4.055031465293352198e-03,-6.107963609152686213e-02,-6.752153682825882963e-02,5.673158462542915892e-05
4.263626333068855079e-01,-1.239550333541185045e-01,-5.882412245830237474e-01,1.856549394333001923e-01,1.425925890826822695e-01,-6.432317881349496336e-01,-1.606567054580176346e-01,-3.842700153034628863e-01,-4.633148174094507167e-03,-1.448094121660400413e-01
2.049730511605923677e+00,-2.152691943099173388e-01,-4.087688731355919591e-01,-7.789322913287418659e-01,-5.226596956029622154e-01,-5.695284834257732243e-01,-5.569155675521013649e-01,1.703861268415100216e+00,-4.124335478427724744e-01,-1.902448369070220302e+00
3.451247159453454949e-01,-2.392915596640376730e-01,-7.078027232228044641e-01,-2.312506884830774490e-01,-4.144139974743383803e-01,5.630151846017483752e-02,4.329956887717306135e-01,-9.613724384230291908e-02,-4.608121835754982465e-01,-2.878425877793921450e-01
-3.275121755304574722e-01,-8.564811561605309431e-02,-4.609570550022411284e-02,5.343909378436559332e-02,-1.045934813192463259e-01,9.383408845917855928e-03,4.142696965881846605e-02,-5.584020828175594378e-03,4.176763701025919262e-02,3.660019455557227824e-02
-9.897507558526321692e-01,-7.406854264299944646e-02,4.178174078712915129e-02,6.930979515353134779e-02,-1.152336507343741934e-01,2.455771940979075904e-02,1.478391137151739525e-02,2.045994525229836644e-02,9.684686861073907999e-03,2.815611126930447211e-02
-8.698136547107957472e-01,-1.129558986326013315e-01,-9.968470838075759941e-03,-2.994878529520695123e-02,-2.000073534117772500e-01,5.960782923977436809e-02,3.349718156710736888e-02,-1.979856733100972960e-02,5.624331280343460721e-02,1.235674485352311058e-01
6.807803455683840710e-01,-1.139188993470775652e-01,-2.033151385263153865e-01,-1.020458788103790482e-01,1.205749507635649476e-01,-1.152570441551822172e-02,-4.646319484450048276e-01,-1.516888890349046004e-01,-1.791438438092097518e-01,-2.290792366102484823e-01
-3.296701496427175693e-01,-2.810680544257302405e-01,-5.170558607967038617e-02,-6.296509211058427535e-01,-1.564932129961021656e-01,4.640285514619461593e-01,-4.248935113331956948e-01,4.748683464509745877e-01,-7.473608082986381296e-02,-1.078599943350510904e+00
-7.550455053244179426e-01,-4.616673746497664821e-01,4.609940609837058778e-01,-6.426382196504083488e-01,-9.593557071825599136e-01,-7.253779307658663189e-01,8.700949759794774918e-01,-3.934234893051141713e-01,-5.501926396530153474e-01,-2.166372661786833131e-01
-7.940564690854383656e-01,-6.865381323967704175e-01,-3.639770261776644755e-01,-7.593469056533160844e-01,3.287370885714315238e-01,-3.941457473551278345e-02,-5.568218608114012813e-01,-1.645750265037222437e-01,7.195673922356259355e-01,-1.947422924522511922e-01
-1.064376767656224909e-01,5.662596916625404209e-01,-1.591148654241951454e-01,-3.545650945813810795e-01,-3.752295672118075021e-01,-1.081913460350772543e-01,-2.908410780094517478e-01,-3.038006903855603458e-01,-3.503698943091517193e-01,-2.281919361297135920e-02
2.805402726029241900e-01,-9.333733496552555631e-02,-4.054015969876813008e-01,2.784718909945400611e-01,1.944892089072509239e-02,-1.971115175168532130e-01,-1.365613461734475620e-01,-1.864097266615836190e-01,-1.305583845504148521e-01,-1.673972684770377306e-01
-6.519147816156335429e-01,6.768838799076694682e-03,-3.829417419557848423e-01,1.183277828691083472e-01,2.523580778905561983e-01,-2.621787457493252732e-02,-1.647752133680030484e-01,9.377476838788787600e-03,-3.257744813644062321e-01,6.075096959430448251e-02
3.915709297551229207e-01,5.994879515610749415e-02,-4.980584591715214032e-02,-7.075464068064898915e-02,1.096287962888994015e-02,3.107772901922841932e-03,-1.152728086796639684e-01,-6.042609467440853560e-02,-5.928479318477389987e-02,-5.910436128003546813e-02
1.091000494246444213e-01,-8.247580287469481741e-02,-2.517364342226005580e-01,4.361415336098382195e-02,3.340168123062345340e-02,-4.904516825651524664e-02,-2.227891184438577851e-02,-8.346747938398860200e-02,-2.749089033502475840e-02,3.896274020002235550e-02
-6.525880683688645156e-01,7.113241768872054227e-02,-7.372400533200934580e-01,7.457026378255142696e-01,9.166285155081472791e-01,-4.925920102957771496e-01,-3.444451671101305124e-01,2.599818343076800709e-01,-1.221006051036718665e+00,-6.401861022462651540e-01
-4.495575357219954715e-01,5.263898704705006759e-01,8.214145514315502883e-01,-7.981002249591057085e-01,-2.102752037729024581e-01,2.507294682058807123e-01,1.676392412681250721e-01,-3.697150046530456868e-01,-6.922315533077078031e-01,-4.118518423589158650e-01
3.247347563723473329e-01,-6.252613181997327407e-01,6.491168931259534425e-01,-1.262886894121013404e+00,-1.083376233039399672e+00,1.387504623783719637e+00,-6.381651306438143045e-01,-4.726311566861777780e-01,9.359928744071518425e-01,4.952838539194365786e-01
-6.011461261652037980e-01,-9.923192988904763756e-02,-2.920200430950703474e-01,-8.305260195038759174e-02,-5.066321293188417174e-01,-2.450309367367408536e-02,2.690342225392676756e-01,1.767888202448278032e-02,6.195599225633136725e-02,2.674111643974360075e-01
5.694276631768772079e-01,-6.246760685164330917e-01,-4.032600976364604795e-01,-7.943836988868258064e-01,-1.291040591930765036e+00,7.579227984341740942e-01,-3.625380815912770949e-01,1.611271723148260504e+00,-6.182347912266539236e-01,5.383598537814362345e-02
-6.764634327184444462e-01,-1.797380542157520078e-01,-2.945768779200071408e-01,-1.264892204312695334e-01,-5.205947675768063387e-01,-1.123396199232518378e-01,-1.122729527524791299e-02,-1.689875187492440312e-01,7.683229136413176515e-03,3.965271533951379990e-01
-6.672482512533399746e-01,-2.208493191453743676e-01,-3.606380526241030893e-01,-1.355109218163373930e-01,-6.256837113488340762e-02,-1.178016970786500417e-01,-5.982743172934756187e-02,-5.028301588818050449e-01,1.818254862407449324e-01,2.461278862700573555e-01
-4.490174990017230527e-01,-9.851804343246486906e-02,-4.319787524754881321e-03,-8.205955175496279508e-02,-2.129131465117430067e-01,-1.658286159262966492e-02,-9.528501811158099355e-02,7.453022473019968452e-02,-2.434337684233726581e-02,1.340276265910234771e-02
7.025771296816732958e-01,1.139318116690387628e-01,-3.636852522729056014e-01,4.039636564957233694e-02,-4.729156373880103598e-02,4.503608817850871665e-02,-8.664291215660886725e-02,-2.156871619240966209e-01,4.145165597825991449e-02,-1.284836795685544708e-01
2.788860680593110986e-01,9.057513756747846700e-02,2.189867416902956110e-02,-5.646252246746074482e-02,3.452341265853332841e-02,-4.836866308349588479e-03,-8.742141510528822490e-02,-6.745376961033792973e-02,-1.012960124112984245e-03,-3.624934150661190957e-02
-7.048033181087299814e-01,5.678620521643695795e-01,1.108081138655895304e-01,2.893143525077243039e-01,4.837405845949641070e-01,-7.186028685771798097e-01,-5.809830898257730691e-01,1.411207832403722773e-01,-3.517934848136994863e-01,-4.154150538199556375e-01
7.802741468710105988e-01,-2.567120038222774348e-01,-1.037672209203688717e-01,-5.144982909024515827e-01,5.908851933158751901e-01,-9.332296890335322059e-01,-5.935981309391652472e-01,-3.963710117978569425e-01,-3.823627968374004871e-01,-1.085737848170869324e-01
-2.382625994025849292e-01,-1.317688309338297115e-01,-1.053734365999735439e-01,1.163192653158388046e-01,-4.457302951379131517e-02,-9.076714368118514453e-02,1.886325621953916995e-02,-6.151092714995652633e-02,-5.832488404726896697e-02,-3.135593076002336776e-02
-9.662970157738065557e-02,-3.959802977170210903e-01,4.359570191201502243e-01,3.997411335600732918e-01,-8.352777174276463379e-01,-1.434821823519284202e-02,-7.492250557767643482e-01,9.935190481060290901e-02,1.017548898326446238e+00,-5.863952560329954711e-01
4.298070188007709347e-01,3.285918653945971157e-01,-2.159751187258748539e-01,-9.834056085540267278e-02,-1.829670567826978123e-01,-3.604614528309308535e-02,-1.674308898263833778e-01,-1.709260894805073039e-01,-1.666776951091798187e-01,-1.645456954321341814e-01
-5.553591069771215416e-01,1.033431856565208834e-01,-1.044941671495255076e+00,-7.795580470708241005e-01,-1.002918156149681828e+00,-2.664348290342393732e-01,7.134973904833322722e-01,7.773266370115439194e-01,7.387257625543400819e-01,-6.753663188754227553e-01
2.760517811821835976e-01,-9.096647629945918412e-02,-1.364279355106600977e-01,3.181329834593888024e-03,-1.195763136375797564e-01,-1.398947434176866234e-01,-7.637143452722960912e-02,-4.335842808170693903e-03,-1.120269674970415796e-02,-1.092519574824778184e-01
-3.314765352092367001e-01,-1.323282202671587138e+00,-4.061712904160753590e-01,5.980592465800288471e-01,-1.359389962787740824e+00,-1.923991344841537110e+00,-8.144543367231086295e-01,-2.275270791760297118e-01,1.179061860141520368e+00,5.336330652563842092e-01
-2.752681285958722968e-01,-1.725685382893374364e-01,-1.067607652064329615e-01,-5.359562823017231803e-02,-1.996780956689372111e-01,7.413893816626783081e-03,-9.412213161089604332e-03,8.366020117752363816e-02,-3.135320570121928607e-02,7.471515353615607903e-03
-4.593621594311282919e-01,-5.894377871859273615e-02,-8.714210718808206024e-02,2.182477266898683044e-02,-1.103908480759378807e-01,-1.321839460385608456e-02,1.065785789789717303e-02,-2.629983775718349598e-02,7.447939916763313128e-02,3.732314494318707265e-02
-7.684691325111688842e-01,3.258280466054954139e-01,3.931317572716849090e-02,-3.290791966715870265e-01,-5.143569789649929946e-01,-4.218715144485705726e-01,-1.964839679552086993e-01,-3.005026444853645673e-01,-3.538372546186663858e-01,-2.300201091224514383e-01
-7.657191502206811551e-01,3.563117469614724975e-01,-4.699156315730485534e-01,5.233274605703709392e-01,7.971241614708380122e-03,-4.872730987467578934e-01,6.093447193436889453e-01,1.726490448453178728e-01,1.306418832621713211e+00,-5.748010949507051937e-01
-8.946230808321913308e-01,-1.645869719483686600e-01,-1.789229996476468798e-01,-3.625502725985990105e-01,5.523382995639355419e-01,-7.153048449512956486e-01,2.634524455362607931e-01,8.123755282341699191e-02,-4.439288136261366757e-01,-1.042698240085962791e+00
-1.652851275107452556e-01,-1.699667437930258984e-01,-6.242529530178074770e-01,-1.154123093996691773e-01,5.707434154902111256e-01,-1.004470843193785851e-01,-4.502949557649181256e-01,4.447244099009045799e-04,6.709028166211055133e-01,4.432532708385713560e-01
-5.596236930268257137e-02,-9.005915895255070525e-02,-2.311015644361655574e-01,7.075179340730348987e-02,-6.670558285726080339e-02,-1.757836892397452722e-01,-1.330343455718297208e-01,-1.349365361931623708e-01,2.963216406288481878e-03,7.052085072391792164e-02
-4.198730615356941615e-02,-3.728234178024653067e-02,9.527456331057969352e-03,-3.678173317651679819e-02,-4.884620348553846136e-02,3.362854825654054691e-02,-8.840216670224762541e-02,-2.735218751425066291e-02,-3.984417701544113594e-02,1.261136766948022306e-02
6.573861954683477005e-02,-1.170966192081830150e-02,-1.489726954637517475e-01,-4.189846045128684665e-02,-4.629367776137072177e-02,2.131670823381251467e-02,-1.511564847713596504e-01,-2.155781558677376947e-02,-5.152380692263655582e-02,2.196761609667760920e-02
-1.299498112327280630e+00,4.382979175257039062e-01,-4.262621210380011516e-01,-6.813703862404415501e-01,-8.451821269552116378e-02,-5.520050952064645688e-01,-4.723879416970269141e-01,4.280441827214480077e-01,-4.744200915705202304e-01,1.271369800698798902e-01
-5.287946540690635633e-01,-5.493929156819569171e-01,-1.663841657364433513e-01,1.528439717701418898e-01,-1.170530941845178419e-01,1.089912505676066123e+00,-2.006950079405095747e-02,-5.149261151528343738e-01,-7.372379974903043864e-01,4.105437648596667599e-01
-1.275910142166407635e+00,-5.543908983011762437e-02,-3.017826621297968193e-01,-3.516802633381267418e-01,-6.657029278841150033e-01,-1.165312231150620811e-02,-7.525803658076778146e-02,-1.610856949318297260e-01,-6.757975388014423324e-01,6.372075385902830069e-01
-5.893326955701877479e-01,-2.103300426877370843e-01,-1.587621684847884129e-01,6.102244823330967016e-02,-3.781787431859329196e-01,-1.493272836876499421e-01,-1.276112363971187991e-01,-4.007433413197260264e-02,1.989073099564376418e-02,9.481117310000754250e-02
3.466161688463443302e-01,-1.045138841342643926e-01,-3.005164001971361021e-01,-4.420062994223036279e-01,-2.409908496446346027e-01,6.209177724033823065e-01,-4.034007544931172973e-01,4.652750226974246978e-02,-1.728941957471568369e-01,2.608799288956090492e-02
-4.740861655573617162e-01,-6.052149411924596240e-02,-3.436469907719683081e-02,-1.261247911221596851e-02,-1.204140850459537310e-01,-5.003976891858854387e-02,7.808679193330173495e-04,-3.801199858435692913e-02,3.369303852738170929e-02,-3.840236329989728248e-02
5.466847340935208077e-01,2.234113684847161274e-01,-4.562021708620889737e-01,8.737100043907185531e-01,7.080011501824470810e-02,-3.797149967095093670e-01,3.186242529883646091e-01,-7.566819635116121823e-02,4.546565454812013796e-01,5.009997704650078626e-02
-9.405031518930112577e-02,-8.964220538823512718e-02,-1.453026452023053749e-01,-4.509946276505351348e-02,-1.886830849600860116e-01,-8.509901841263874112e-02,-2.327639100259310256e-01,-3.226581208928843703e-01,-1.651269480849581334e-02,3.916320589281658236e-03
-3.423020433164844500e-01,2.850869788278194705e-01,-2.840834379804674237e-01,-4.681510268222831561e-01,9.074813363531045174e-02,-1.911440596590243679e-01,1.414403201859365800e-01,5.993246831914784689e-01,-6.212102716845051553e-01,-6.577693148151401159e-01
7.787098333169703013e-01,1.506965763863380922e-02,-1.774761375279950704e-01,4.279251282466648570e-02,3.087380049004762039e-01,-1.025509287923799945e-01,-2.402753957653876726e-01,-3.668145601516694110e-01,-8.212172410069276673e-02,-9.319000550548504902e-02
-7.413836197264449535e-01,-1.757050856172096831e-01,-1.178382839525199399e-01,-1.682212350963578629e-01,-5.676907673906749219e-01,4.389163741899240745e-01,3.307812340333043943e-01,3.058533309298903657e-01,-1.815939876823561006e-01,2.170235841685365097e-01
-5.983014698081542404e-01,-2.545087338938236132e-01,-2.436464781904812138e-01,-6.267542245355885999e-01,-1.820103505000174593e-01,-2.753998340426903613e-01,-2.287777752235276851e-01,-7.967825499840268388e-02,-3.639869218463743228e-01,4.852492850683451375e-01
9.572715668547568946e-01,-3.403598760614958141e-01,-9.451881057911097894e-01,-5.120627133680625276e-01,-5.227696694635691754e-01,1.243663792161833870e+00,1.082013154664594801e+00,-7.445984374986822640e-01,-9.002876045504387692e-01,-8.530302004197328758e-01
-3.642712876499305530e-01,-2.468350745765333643e-01,-1.393101315607359891e-01,-1.062459213956134518e-01,-2.390955661156049239e-01,2.985726093452319152e-02,-2.122234452113056502e-01,-7.726111223964139685e-02,3.186952876443133881e-02,2.339832377857796741e-01
2.713268535816914517e-01,-4.434590318455832597e-02,-3.195460744991622248e-01,2.144522414942832689e-01,-3.264918665245089557e-01,-4.523543362140012847e-01,2.973814625373547571e-01,-5.376332463543879170e-01,-3.389329259507742886e-01,-1.053089737319110181e-01
-1.075498578561726593e+00,-7.897952961484163703e-01,3.451207708378001282e-01,-4.735834614653244290e-01,4.628638868347946800e-01,-6.090070213748614014e-01,-1.066118279480766873e+00,-6.369689152099325957e-01,5.099470745966382390e-01,-6.291064341734121657e-01
5.760294829530252514e-01,-7.345843954765395034e-02,-4.022222117674860431e-02,5.427769328629556966e-01,1.043249371872188580e-01,-7.575025093888624328e-01,-2.157175129863331542e-01,-2.395239004135207295e-01,-4.874704754282104813e-01,-1.617298191104880600e-01
1.978714948065010359e+00,-5.267494365729982198e-01,-1.753690372291130672e-01,-8.927594294612192227e-01,-5.637083970072929301e-02,8.909933580673889963e-01,-1.149357800218958392e+00,-1.892636189240723132e-01,-1.197822797541984841e+00,9.854125505656339268e-01
9.051556255587652755e-01,-1.480844849378169237e-01,6.403689480097064513e-01,-7.527102879365893395e-01,-2.804137570791101139e-02,-3.464485769033870954e-01,-8.146113673809285416e-02,-4.781854090521143186e-01,-5.775608493588166859e-01,-3.589776969775795301e-01
-8.858660771863250405e-01,-2.882180685260957165e-01,-2.774615945845700371e-01,-1.082497261997532878e-01,-4.581234685586932920e-01,-1.314621164381693796e-01,-9.057907361757977505e-02,-3.636506055474902355e-01,-1.304698281512231550e-01,5.363793208980367488e-01
-7.812281296025930244e-01,1.723547406628062398e-02,-2.795309450990995370e-01,5.980181851155694228e-02,-2.289078807831745055e-01,1.273432400456472359e-02,4.744876132270473001e-01,-1.387358575158879614e-01,8.678399702766921575e-02,2.162743144310885421e-02
3.144367938115412153e-01,-2.102393574800466847e-01,-4.055660628919771082e-01,2.619528009037925265e-01,-1.080127197630157548e-01,-3.617335716398572543e-01,-1.316017297005681597e-01,-2.530715141125587930e-01,1.146021849247224889e-01,-3.283561701331977334e-01
-1.147844197202919192e+00,5.998441648657285574e-01,-1.178315201033789394e+00,5.080076605298614600e-01,5.046091287932908953e-01,3.038851735668895437e-01,-5.023357384705964268e-01,-9.844393291489655917e-01,3.523774974399198623e-01,1.145584440744197990e-01
6.310748176299164859e-04,-1.830384465277987149e-01,-1.350322264248099424e-01,-2.125155042512612627e-02,-1.740212773260363666e-01,-1.183764784112066037e-01,-1.073457918875113243e-01,-4.604369320702648982e-02,-7.707721423046696996e-02,-2.272306021414812263e-02
-5.949998584293944015e-01,-1.365446542925655149e-01,4.834646024482854854e-01,-2.758418943742623752e-01,5.463050706224531483e-01,-1.160858308036789022e-01,-2.573757293518568745e-01,-7.165865082175133516e-01,9.931013906050124851e-02,8.961024795986595182e-01
6.219101774354840462e-01,-1.581786120292663633e-01,-2.281398004675716518e-01,-1.977419045071935888e-01,-1.905181919830303827e-01,-1.187268101417711663e-01,-2.622061350328359075e-01,-2.459664150279417261e-01,-6.871762140694857857e-02,-7.583286090396453016e-02
